YEAR,MONTH,DAY,TMAX,TMIN
2015,1,1,27.1,20.1
2015,1,2,26.7,20.3
2015,1,3,27.8,21.1
2015,1,4,29.7,22.4
2015,1,5,30,22.9
2015,1,6,29.9,22
2015,1,7,30.6,22.1
2015,1,8,28.2,21.9
2015,1,9,26.5,20.1
2015,1,10,26.8,19.6
2015,1,11,26.8,20.9
2015,1,12,28.5,21.6
2015,1,13,27.9,22.3
2015,1,14,29.7,20.9
2015,1,15,29.9,22.2
2015,1,16,28.5,21.1
2015,1,17,26.8,21.2
2015,1,18,24.6,19.1
2015,1,19,29.2,20.8
2015,1,20,30.1,22.9
2015,1,21,29.2,21.3
2015,1,22,28.3,21.6
2015,1,23,26.7,20.4
2015,1,24,26.8,20
2015,1,25,29.2,21.2
2015,1,26,28.6,21.1
2015,1,27,29.2,21.9
2015,1,28,30.1,22.3
2015,1,29,30.2,22.1
2015,1,30,28.9,21.4
2015,1,31,28.3,21.4
2015,2,1,27.1,20.1
2015,2,2,27.6,19.9
2015,2,3,27.6,20.1
2015,2,4,27.5,20.2
2015,2,5,29.4,21
2015,2,6,29.3,21.4
2015,2,7,29,21.2
2015,2,8,29.9,20.6
2015,2,9,29.7,20.9
2015,2,10,29.4,21.8
2015,2,11,29.2,22.2
2015,2,12,30.1,21.1
2015,2,13,27.8,22.1
2015,2,14,28,22.1
2015,2,15,28.3,22.8
2015,2,16,30.8,22
2015,2,17,30.9,22.7
2015,2,18,29.8,22.4
2015,2,19,28.7,22.3
2015,2,20,27.4,21.7
2015,2,21,28.6,20.9
2015,2,22,30.8,20.3
2015,2,23,31.1,21.4
2015,2,24,30.8,22.2
2015,2,25,30.4,21.5
2015,2,26,31.1,23
2015,2,27,32.1,23.1
2015,2,28,31.1,22.4
2015,3,1,31.9,23.2
2015,3,2,31.1,20.4
2015,3,3,31.4,19.8
2015,3,4,32.8,21.4
2015,3,5,31.5,21.7
2015,3,6,32,23.2
2015,3,7,31.9,22.9
2015,3,8,31.2,21.4
2015,3,9,32.2,21.2
2015,3,10,29.7,22.7
2015,3,11,28,22.1
2015,3,12,31.1,23.3
2015,3,13,30,22.5
2015,3,14,30.9,22.8
2015,3,15,32,22.7
2015,3,16,30.9,21.7
2015,3,17,31.4,21
2015,3,18,32.5,22.8
2015,3,19,33.4,21.3
2015,3,20,34.4,24
2015,3,21,34.2,24.9
2015,3,22,29.6,24.6
2015,3,23,28.6,23.6
2015,3,24,31.1,23.8
2015,3,25,29.8,23.9
2015,3,26,30,23.1
2015,3,27,31.6,23.9
2015,3,28,32.4,23.1
2015,3,29,33.1,22.6
2015,3,30,33.2,22.8
2015,3,31,33.8,24.4
2015,4,1,34.2,24.1
2015,4,2,33.8,24.1
2015,4,3,34.2,23.3
2015,4,4,35,25.4
2015,4,5,31.6,23.6
2015,4,6,35,24.8
2015,4,7,33.1,23.9
2015,4,8,31,24.3
2015,4,9,32.4,23.5
2015,4,10,33.7,24.2
2015,4,11,32.9,23
2015,4,12,33.9,24.1
2015,4,13,32.6,23.8
2015,4,14,33.4,23.6
2015,4,15,31.9,23.8
2015,4,16,35.1,24.2
2015,4,17,32.9,24.4
2015,4,18,33.7,25.2
2015,4,19,34.2,26
2015,4,20,33.5,25.5
2015,4,21,32.9,24.5
2015,4,22,33.5,25
2015,4,23,32.9,24.2
2015,4,24,33.1,25.4
2015,4,25,32.6,25.1
2015,4,26,33,24.5
2015,4,27,34.5,24.7
2015,4,28,34.1,25.2
2015,4,29,34.1,26.1
2015,4,30,34.4,25.8
2015,5,1,34.7,24.9
2015,5,2,35.5,26.2
2015,5,3,33.3,25.2
2015,5,4,35.2,22.7
2015,5,5,33,25.1
2015,5,6,32.4,24.5
2015,5,7,34.5,23.7
2015,5,8,34.5,23.5
2015,5,9,34.9,24.4
2015,5,10,32.2,25.4
2015,5,11,31.9,25.3
2015,5,12,31.9,25.3
2015,5,13,34.2,25.2
2015,5,14,33.9,25.3
2015,5,15,34.2,25.4
2015,5,16,35.6,25.7
2015,5,17,33.7,24.9
2015,5,18,33.5,25.6
2015,5,19,34,25.5
2015,5,20,32.6,25.8
2015,5,21,32.5,24.6
2015,5,22,33.4,25.7
2015,5,23,33,25.3
2015,5,24,33.9,24.7
2015,5,25,33.8,24.4
2015,5,26,32.4,24.8
2015,5,27,32.3,24.7
2015,5,28,32.6,25.4
2015,5,29,33.4,23.6
2015,5,30,32.3,24.9
2015,5,31,34.3,25.9
2015,6,1,34.1,25.3
2015,6,2,34.3,26.4
2015,6,3,34.7,24.6
2015,6,4,34.8,26.9
2015,6,5,35,25.1
2015,6,6,34.1,23.1
2015,6,7,34.3,26
2015,6,8,34.6,25.4
2015,6,9,34.6,25.4
2015,6,10,34.9,23.7
2015,6,11,33.9,26.8
2015,6,12,34.6,26.4
2015,6,13,34,25
2015,6,14,33.6,26.5
2015,6,15,33.1,26.3
2015,6,16,33.8,25.8
2015,6,17,34.7,24.3
2015,6,18,31.8,24.3
2015,6,19,32.4,24.2
2015,6,20,30.9,24.2
2015,6,21,29.5,23.7
2015,6,22,29.9,23.8
2015,6,23,31.2,24.8
2015,6,24,33,24.2
2015,6,25,32.9,25.8
2015,6,26,32.1,24.1
2015,6,27,33.2,24.5
2015,6,28,33.6,24.7
2015,6,29,34.1,25.1
2015,6,30,32.9,25.9
2015,7,1,32.2,25.3
2015,7,2,32.9,25.6
2015,7,3,33.6,24.6
2015,7,4,32.3,24.8
2015,7,5,27.7,21.4
2015,7,6,25.8,22
2015,7,7,28.4,23.4
2015,7,8,27.9,24.2
2015,7,9,27.4,23.9
2015,7,10,29.9,24.1
2015,7,11,28.7,24.6
2015,7,12,30.2,23.9
2015,7,13,31.3,24.4
2015,7,14,26.9,24.2
2015,7,15,30.4,24.6
2015,7,16,27.7,22.9
2015,7,17,25.6,23.2
2015,7,18,27.8,23.8
2015,7,19,31.6,23.6
2015,7,20,33.1,25
2015,7,21,33.4,24.7
2015,7,22,31.4,22.3
2015,7,23,30.5,24.2
2015,7,24,30.5,24.2
2015,7,25,31.2,22.5
2015,7,26,31.3,22.5
2015,7,27,30.1,22.9
2015,7,28,31.6,22.8
2015,7,29,31.4,24.7
2015,7,30,32.6,25.8
2015,7,31,32.6,25.6
2015,8,1,32.8,25.4
2015,8,2,32.1,25.3
2015,8,3,33.9,25.7
2015,8,4,33.3,23.6
2015,8,5,31.2,23.9
2015,8,6,31.5,23.9
2015,8,7,32.5,24.2
2015,8,8,32.7,24.3
2015,8,9,26.4,24.4
2015,8,10,30.5,24.4
2015,8,11,30.6,24.9
2015,8,12,29.9,24.2
2015,8,13,33.4,24
2015,8,14,32.2,25.3
2015,8,15,33.3,25.1
2015,8,16,33.6,25.6
2015,8,17,32.8,25.8
2015,8,18,32.7,23.7
2015,8,19,32.2,24.2
2015,8,20,29.9,24.2
2015,8,21,28.3,24.1
2015,8,22,28.1,23.8
2015,8,23,29.2,23.7
2015,8,24,25.9,23.5
2015,8,25,30.5,23.7
2015,8,26,31.8,23.7
2015,8,27,31.4,23.3
2015,8,28,31.8,23.2
2015,8,29,31.1,23.5
2015,8,30,31.2,22.3
2015,8,31,30.8,23.7
2015,9,1,30.5,24.4
2015,9,2,30.8,23.7
2015,9,3,32.1,23.9
2015,9,4,32.6,22.7
2015,9,5,31.9,23.9
2015,9,6,31.1,24.4
2015,9,7,31.7,25
2015,9,8,32.8,25.4
2015,9,9,32.2,24.7
2015,9,10,32.5,22.8
2015,9,11,33.3,24.6
2015,9,12,30.8,24.4
2015,9,13,32,24
2015,9,14,32.4,24.4
2015,9,15,33.2,24.6
2015,9,16,34.9,23.1
2015,9,17,34.2,24.7
2015,9,18,33,25.5
2015,9,19,33.6,25.4
2015,9,20,33,24.5
2015,9,21,33.2,24.1
2015,9,22,33.2,23.8
2015,9,23,32.2,24.6
2015,9,24,32.8,24.2
2015,9,25,33.2,25.6
2015,9,26,33.4,25.5
2015,9,27,31,24
2015,9,28,30,23.3
2015,9,29,32.4,25.2
2015,9,30,33.2,24.8
2015,10,1,32.6,23.1
2015,10,2,25.8,22.7
2015,10,3,32,23.8
2015,10,4,32.2,23.2
2015,10,5,33.2,25.2
2015,10,6,33.6,25.6
2015,10,7,33.7,25
2015,10,8,32.2,23.2
2015,10,9,31.8,22.6
2015,10,10,32.4,23.8
2015,10,11,34.9,23.8
2015,10,12,32.8,24.6
2015,10,13,32.6,25.2
2015,10,14,30.2,25
2015,10,15,31.4,24.2
2015,10,16,31.7,24.6
2015,10,17,29.2,25.6
2015,10,18,27.4,25
2015,10,19,29.8,25.2
2015,10,20,30.8,24.7
2015,10,21,32.2,22.8
2015,10,22,33.2,24
2015,10,23,30.4,23.8
2015,10,24,31.6,23.8
2015,10,25,33.3,25.4
2015,10,26,31.9,26.3
2015,10,27,33,24.8
2015,10,28,31.8,24.4
2015,10,29,31.2,24.4
2015,10,30,30.8,24.4
2015,10,31,31,24.4
2015,11,1,30,24.8
2015,11,2,31.6,25
2015,11,3,30.9,24.5
2015,11,4,32.8,24.9
2015,11,5,31.6,24.2
2015,11,6,31.6,24.8
2015,11,7,30.6,24.7
2015,11,8,32.6,24.9
2015,11,9,32.7,24.3
2015,11,10,32.4,24.2
2015,11,11,33.1,24.7
2015,11,12,32,24.7
2015,11,13,33.1,24.1
2015,11,14,32.1,24.3
2015,11,15,31.9,24.3
2015,11,16,30.5,24.8
2015,11,17,31.9,25.4
2015,11,18,30.7,23.8
2015,11,19,31.5,23.1
2015,11,20,31.6,23.5
2015,11,21,31.8,24.4
2015,11,22,32.8,24.5
2015,11,23,32.3,24.1
2015,11,24,33.8,24.3
2015,11,25,32.8,24
2015,11,26,32.6,23.6
2015,11,27,31.8,23.8
2015,11,28,30.7,25
2015,11,29,32.2,24.2
2015,11,30,32.8,24.2
2015,12,1,32,23.4
2015,12,2,32.8,22.5
2015,12,3,32.8,23
2015,12,4,32.4,24.8
2015,12,5,28.2,23.4
2015,12,6,31.8,24.6
2015,12,7,32.4,24.7
2015,12,8,31.6,24.4
2015,12,9,32.2,24.4
2015,12,10,32.2,25.4
2015,12,11,32,25.7
2015,12,12,32.8,24.5
2015,12,13,32.4,24
2015,12,14,32.6,25.6
2015,12,15,27.4,23.2
2015,12,16,23.8,21.7
2015,12,17,27.4,23
2015,12,18,30.2,23.5
2015,12,19,25.4,22.2
2015,12,20,29.4,23
2015,12,21,30.8,24
2015,12,22,29.8,21.8
2015,12,23,30.7,23.8
2015,12,24,30.6,23.3
2015,12,25,30.4,21.4
2015,12,26,30.4,22.2
2015,12,27,30.3,22.4
2015,12,28,29.4,22.2
2015,12,29,29.6,22.4
2015,12,30,29.8,23.8
2015,12,31,30.1,24.2
2016,1,1,28,22.8
2016,1,2,29.4,23.8
2016,1,3,30.4,22.2
2016,1,4,31.1,22.6
2016,1,5,30.7,20
2016,1,6,30.8,22.4
2016,1,7,29.6,23.2
2016,1,8,31.3,22.8
2016,1,9,30.6,23.2
2016,1,10,31.1,22.2
2016,1,11,30.7,23.2
2016,1,12,31.4,23.7
2016,1,13,31.6,24
2016,1,14,31.8,24.4
2016,1,15,31.4,23.4
2016,1,16,31.6,24
2016,1,17,31.5,23
2016,1,18,31.8,23.8
2016,1,19,30.4,24.8
2016,1,20,30.7,23.6
2016,1,21,30.8,22.8
2016,1,22,32.4,23.9
2016,1,23,32,24.2
2016,1,24,31.2,21.6
2016,1,25,28.5,21.5
2016,1,26,27.6,22
2016,1,27,28.7,23.4
2016,1,28,31,23.8
2016,1,29,30.2,23.4
2016,1,30,31.8,24.2
2016,1,31,32.4,24
2016,2,1,32.2,22.7
2016,2,2,31.4,23.7
2016,2,3,30.2,24.7
2016,2,4,31.4,24.8
2016,2,5,31.3,24.5
2016,2,6,28.4,21.8
2016,2,7,27.3,20.4
2016,2,8,27.8,20.4
2016,2,9,29.5,22.9
2016,2,10,30.4,22.4
2016,2,11,31,21.6
2016,2,12,30.7,21.2
2016,2,13,32.7,22.7
2016,2,14,32,21.2
2016,2,15,29.6,24
2016,2,16,29.2,21.2
2016,2,17,30.6,21.8
2016,2,18,31.4,22.4
2016,2,19,31.6,23.4
2016,2,20,31.8,23
2016,2,21,31,23.4
2016,2,22,31.5,23.2
2016,2,23,32,23.2
2016,2,24,31.9,23.2
2016,2,25,29,23
2016,2,26,29.4,22.4
2016,2,27,31.4,24.5
2016,2,28,31.4,25
2016,2,29,31.1,23
2016,3,1,29.8,23.5
2016,3,2,29.7,23.8
2016,3,3,30.5,23
2016,3,4,30,24.8
2016,3,5,33.2,24
2016,3,6,33.6,23.6
2016,3,7,34.3,25.2
2016,3,8,33.8,23.6
2016,3,9,33.8,25.8
2016,3,10,33.4,24.8
2016,3,11,34.4,25.4
2016,3,12,33,24.4
2016,3,13,31.8,23
2016,3,14,33.1,24.6
2016,3,15,32,24
2016,3,16,33.6,25.2
2016,3,17,33.2,24.4
2016,3,18,32.8,25.4
2016,3,19,35,24.6
2016,3,20,34,24.1
2016,3,21,35,24.8
2016,3,22,33.2,25.6
2016,3,23,34.4,24.4
2016,3,24,34.6,25.4
2016,3,25,33.4,24
2016,3,26,32.6,23.8
2016,3,27,31.7,23.4
2016,3,28,29.4,22.8
2016,3,29,30.5,24.8
2016,3,30,32.5,25.2
2016,3,31,34.2,25.2
2016,4,1,34.1,25.7
2016,4,2,33.4,24
2016,4,3,34.5,23.9
2016,4,4,34.5,25
2016,4,5,33.4,25.2
2016,4,6,32.6,23.7
2016,4,7,33.7,24.6
2016,4,8,33,25
2016,4,9,34.6,24.8
2016,4,10,34.4,25.4
2016,4,11,35.5,25.7
2016,4,12,35.2,25.8
2016,4,13,35.6,26.6
2016,4,14,37,27
2016,4,15,36.4,26.7
2016,4,16,35.6,26.4
2016,4,17,37,25
2016,4,18,37,26.7
2016,4,19,37,26.3
2016,4,20,34.6,24.8
2016,4,21,34.8,25.8
2016,4,22,37,24.2
2016,4,23,35.3,25.4
2016,4,24,35.6,26.8
2016,4,25,36,27
2016,4,26,36.4,23.7
2016,4,27,36.1,27
2016,4,28,36.2,26.5
2016,4,29,35.8,26
2016,4,30,34.5,26
2016,5,1,35.8,24.6
2016,5,2,35.2,27.2
2016,5,3,36.4,27.3
2016,5,4,35.8,25.6
2016,5,5,35.6,27
2016,5,6,35.2,26.4
2016,5,7,35.6,25.6
2016,5,8,35.8,26.4
2016,5,9,35.5,26.2
2016,5,10,35.6,27.4
2016,5,11,34.8,26.2
2016,5,12,33.4,26.9
2016,5,13,35.2,26.2
2016,5,14,34.4,26.6
2016,5,15,35.4,24.8
2016,5,16,34.5,25.2
2016,5,17,33.1,25.7
2016,5,18,34,24.2
2016,5,19,33,23.6
2016,5,20,30.4,24.6
2016,5,21,34,26.2
2016,5,22,32.4,25.5
2016,5,23,32.8,26.3
2016,5,24,31,26.2
2016,5,25,33.4,24.8
2016,5,26,32.2,26.1
2016,5,27,34.8,26.2
2016,5,28,34.8,26.8
2016,5,29,32.8,24.6
2016,5,30,34.2,25.8
2016,5,31,34,24.8
2016,6,1,33,25.8
2016,6,2,33.7,24.8
2016,6,3,32.4,25.4
2016,6,4,33.4,24.8
2016,6,5,32.8,24.6
2016,6,6,32.5,25
2016,6,7,33.2,24.4
2016,6,8,32.3,25.2
2016,6,9,31.3,24.9
2016,6,10,31.2,25.6
2016,6,11,33.6,26.2
2016,6,12,33.4,25
2016,6,13,32.8,24.8
2016,6,14,32.6,26.2
2016,6,15,34.8,26.2
2016,6,16,34.5,27.8
2016,6,17,33.5,26.2
2016,6,18,33.2,27.2
2016,6,19,34.4,27
2016,6,20,34,26.6
2016,6,21,34.2,27
2016,6,22,34,26.8
2016,6,23,33.1,26
2016,6,24,32.8,25
2016,6,25,32.4,25.2
2016,6,26,32.4,24.8
2016,6,27,31.4,25.6
2016,6,28,32.8,24.9
2016,6,29,34,25
2016,6,30,30.5,25.8
2016,7,1,34,25.8
2016,7,2,34.7,24.4
2016,7,3,33.8,24.7
2016,7,4,31.8,23.8
2016,7,5,32.5,25
2016,7,6,30.7,25.2
2016,7,7,29.6,24.6
2016,7,8,29,24.7
2016,7,9,25.4,23.1
2016,7,10,27.4,23.3
2016,7,11,28.6,24.8
2016,7,12,30.6,23.2
2016,7,13,32.8,25.2
2016,7,14,33.8,25.8
2016,7,15,34.2,25.4
2016,7,16,33.8,25.2
2016,7,17,34.6,25.8
2016,7,18,34.2,26.3
2016,7,19,32.6,26.4
2016,7,20,33,26.2
2016,7,21,33.7,24.6
2016,7,22,34.7,24
2016,7,23,33.4,23.4
2016,7,24,32,24.2
2016,7,25,32.5,25.2
2016,7,26,34.4,27.4
2016,7,27,35.1,26.5
2016,7,28,34.3,26.8
2016,7,29,34,25
2016,7,30,33.4,26.4
2016,7,31,29.2,24.6
2016,8,1,28,25.2
2016,8,2,30.9,24.2
2016,8,3,32.8,24.9
2016,8,4,33.4,25.7
2016,8,5,33.4,25
2016,8,6,32.8,25.2
2016,8,7,31.5,24.8
2016,8,8,30.9,24.8
2016,8,9,27,24
2016,8,10,31.2,24.2
2016,8,11,28.4,24.7
2016,8,12,27.2,24
2016,8,13,25.1,24
2016,8,14,26.3,24.5
2016,8,15,30.7,25.4
2016,8,16,28.2,24.6
2016,8,17,31,25
2016,8,18,31.4,25
2016,8,19,32.2,25
2016,8,20,29.8,24
2016,8,21,32.6,25.2
2016,8,22,32.2,24.7
2016,8,23,31.1,25.2
2016,8,24,31.2,25.4
2016,8,25,30.8,25.2
2016,8,26,30,25.4
2016,8,27,32,24.8
2016,8,28,28.9,24.2
2016,8,29,28.2,24.4
2016,8,30,31.2,24.4
2016,8,31,32.9,24.4
2016,9,1,32.2,23.9
2016,9,2,33,24.6
2016,9,3,32.6,25.6
2016,9,4,27,24.4
2016,9,5,31.2,24.4
2016,9,6,32.8,25.2
2016,9,7,32.4,24.6
2016,9,8,33.3,23.8
2016,9,9,33,24.6
2016,9,10,33,25.6
2016,9,11,33.1,25.4
2016,9,12,33.2,23.4
2016,9,13,30.6,24.4
2016,9,14,29.8,25
2016,9,15,31.2,25.4
2016,9,16,31.6,25.6
2016,9,17,30.8,24.8
2016,9,18,31,24.2
2016,9,19,31.4,24.2
2016,9,20,31,25
2016,9,21,31.1,25
2016,9,22,32,25.2
2016,9,23,33.4,24.2
2016,9,24,33.6,25.2
2016,9,25,34.2,25
2016,9,26,31,25
2016,9,27,30.4,25
2016,9,28,27.6,24
2016,9,29,26,23.6
2016,9,30,27,22.8
2016,10,1,32,23.4
2016,10,2,30.6,24.2
2016,10,3,31.4,24
2016,10,4,32.4,24
2016,10,5,32,24
2016,10,6,31.4,24.6
2016,10,7,25.8,24.4
2016,10,8,28,24.2
2016,10,9,31.2,25.2
2016,10,10,30.6,24.2
2016,10,11,31.9,25
2016,10,12,31,24
2016,10,13,31.2,23.8
2016,10,14,31.8,24.2
2016,10,15,31.2,24.2
2016,10,16,26.2,23.8
2016,10,17,31,24.6
2016,10,18,32.4,25.3
2016,10,19,31.7,25.3
2016,10,20,29.6,24.6
2016,10,21,31.7,25.8
2016,10,22,33.2,25.2
2016,10,23,33.2,26
2016,10,24,32.8,24.4
2016,10,25,32.3,25.3
2016,10,26,32.2,24.8
2016,10,27,33,25.2
2016,10,28,32.2,25.8
2016,10,29,33.2,24.4
2016,10,30,32.2,23.2
2016,10,31,33.2,25
2016,11,1,32.6,25.8
2016,11,2,31.8,26
2016,11,3,31.5,24.4
2016,11,4,31,24
2016,11,5,32.8,25
2016,11,6,32.4,24
2016,11,7,31.7,22.6
2016,11,8,30.8,22
2016,11,9,30.9,22.2
2016,11,10,31.2,24.8
2016,11,11,31,23.8
2016,11,12,31.4,24.7
2016,11,13,33.2,23.8
2016,11,14,32.2,24.8
2016,11,15,30.7,24.3
2016,11,16,31,24.8
2016,11,17,32.2,25.7
2016,11,18,30.4,24.8
2016,11,19,28.8,24
2016,11,20,31.4,24.2
2016,11,21,32.2,22.2
2016,11,22,32,23.8
2016,11,23,31.8,23.4
2016,11,24,30,25
2016,11,25,29.6,23
2016,11,26,26.4,23.5
2016,11,27,30.4,25.2
2016,11,28,32,24.5
2016,11,29,31.4,23.8
2016,11,30,31.2,24
2016,12,1,31.9,24.3
2016,12,2,31.8,23.6
2016,12,3,32.2,24.4
2016,12,4,31.3,24.8
2016,12,5,31,23.3
2016,12,6,32.4,24.6
2016,12,7,31.4,23.8
2016,12,8,30.6,24.5
2016,12,9,30.5,24.8
2016,12,10,32.2,25.2
2016,12,11,32.2,24.2
2016,12,12,31.8,25.3
2016,12,13,31.1,24.8
2016,12,14,30.4,24.4
2016,12,15,28.6,24.8
2016,12,16,29.2,23.2
2016,12,17,28.4,23.6
2016,12,18,29.6,24.2
2016,12,19,30.9,24.8
2016,12,20,32.3,24.8
2016,12,21,31.2,23
2016,12,22,32.6,22.6
2016,12,23,31.7,23.8
2016,12,24,31,23.6
2016,12,25,33.3,24.2
2016,12,26,26.4,24.8
2016,12,27,31.8,25.4
2016,12,28,31.2,24.6
2016,12,29,31.6,24.3
2016,12,30,31,24
2016,12,31,31.4,23.4
2017,1,1,30,22.7
2017,1,2,31.2,23
2017,1,3,31.2,23
2017,1,4,30.8,24.6
2017,1,5,30.4,23
2017,1,6,31,23.8
2017,1,7,30.4,20.8
2017,1,8,30,21.9
2017,1,9,30.8,24.4
2017,1,10,28.4,23.2
2017,1,11,28.5,22.8
2017,1,12,28.4,22.6
2017,1,13,32,22.8
2017,1,14,31.6,23.5
2017,1,15,30.4,23.2
2017,1,16,28.6,21.6
2017,1,17,27.9,22.2
2017,1,18,30.1,21.7
2017,1,19,30.7,22
2017,1,20,30,22
2017,1,21,30.4,22
2017,1,22,29.8,22.7
2017,1,23,26.6,22.5
2017,1,24,27.5,22.4
2017,1,25,28,21.8
2017,1,26,29.4,21.2
2017,1,27,28.5,21
2017,1,28,28.2,23
2017,1,29,29.7,24.2
2017,1,30,31.2,24.4
2017,1,31,31.7,24.8
2017,2,1,31.4,23.2
2017,2,2,29.4,23
2017,2,3,29,21
2017,2,4,29.8,21.8
2017,2,5,31.2,22.8
2017,2,6,30.4,21.8
2017,2,7,30.8,21.9
2017,2,8,31,22.4
2017,2,9,31,22
2017,2,10,30.4,20.8
2017,2,11,28.7,20
2017,2,12,29.2,19.8
2017,2,13,27.4,19
2017,2,14,28.4,19
2017,2,15,28.6,20.4
2017,2,16,30,21.6
2017,2,17,28.9,23.8
2017,2,18,31,24.2
2017,2,19,28.9,22
2017,2,20,32,23.6
2017,2,21,32,22.8
2017,2,22,31.6,22.9
2017,2,23,33.8,23.8
2017,2,24,32.4,24.2
2017,2,25,32.2,23.4
2017,2,26,32.1,24.4
2017,2,27,32.2,23.6
2017,2,28,31.4,23.6
2017,3,1,33.2,24.6
2017,3,2,31.4,23
2017,3,3,32,23.1
2017,3,4,28.4,23.4
2017,3,5,32,21
2017,3,6,33.8,22.6
2017,3,7,31.8,23
2017,3,8,32.2,23.2
2017,3,9,31.2,21.8
2017,3,10,32.8,22
2017,3,11,33.4,23.2
2017,3,12,34,23.2
2017,3,13,35.4,24.6
2017,3,14,35.4,24.6
2017,3,15,33.6,24.2
2017,3,16,31.8,23
2017,3,17,31.6,23
2017,3,18,32.4,23
2017,3,19,32.2,22.2
2017,3,20,32.6,22.4
2017,3,21,32,24.4
2017,3,22,33,25
2017,3,23,35.2,26.2
2017,3,24,34.9,25.2
2017,3,25,35.2,24.4
2017,3,26,35.4,25.2
2017,3,27,32.4,24.6
2017,3,28,31.2,23.2
2017,3,29,33.1,23.9
2017,3,30,33,22.8
2017,3,31,35,24
2017,4,1,34.2,24.8
2017,4,2,31,22
2017,4,3,30.1,21.6
2017,4,4,30.8,22.2
2017,4,5,32,22.4
2017,4,6,32.6,23.7
2017,4,7,35.1,24.9
2017,4,8,34.4,25.2
2017,4,9,34.2,26.5
2017,4,10,35.2,27
2017,4,11,35.8,26.3
2017,4,12,36.2,25.2
2017,4,13,36.7,24.8
2017,4,14,35.3,25
2017,4,15,35,27
2017,4,16,31,24.8
2017,4,17,34.8,25.2
2017,4,18,34.7,24.8
2017,4,19,35,26.4
2017,4,20,35.4,26.2
2017,4,21,35.6,25.6
2017,4,22,36.4,26.3
2017,4,23,34.6,20.5
2017,4,24,34.6,25.6
2017,4,25,36.4,24.7
2017,4,26,36.6,27.1
2017,4,27,36,25.6
2017,4,28,36,25.3
2017,4,29,34.8,26
2017,4,30,33.8,26.2
2017,5,1,35.2,26.6
2017,5,2,35.2,25.4
2017,5,3,34.4,24.3
2017,5,4,35.9,24.5
2017,5,5,35.6,25.8
2017,5,6,35.4,25.7
2017,5,7,35.6,25.8
2017,5,8,35.6,25.2
2017,5,9,37.2,26.8
2017,5,10,35.2,27
2017,5,11,35.2,27.1
2017,5,12,35.8,26.4
2017,5,13,36.2,26.6
2017,5,14,35.4,26.2
2017,5,15,35.8,26.8
2017,5,16,34,26.2
2017,5,17,33.2,25
2017,5,18,33.2,26.3
2017,5,19,34,25.8
2017,5,20,32.4,26.4
2017,5,21,34.5,25.6
2017,5,22,33.2,25.3
2017,5,23,31.4,25
2017,5,24,31.3,25.7
2017,5,25,31.5,25.2
2017,5,26,32.2,24.8
2017,5,27,32,25.3
2017,5,28,33.4,26.2
2017,5,29,34.6,25.4
2017,5,30,34.4,25.8
2017,5,31,32.2,24.8
2017,6,1,32.1,24.4
2017,6,2,31.4,24.8
2017,6,3,34.4,25.2
2017,6,4,32.5,26
2017,6,5,34.6,23.6
2017,6,6,34.8,27
2017,6,7,32,26
2017,6,8,34,26.2
2017,6,9,33.6,25.2
2017,6,10,28.8,24.8
2017,6,11,29.8,24.4
2017,6,12,33.1,26.2
2017,6,13,34.2,26.2
2017,6,14,35,25.7
2017,6,15,34.4,24.2
2017,6,16,33.8,25.4
2017,6,17,34.4,26.2
2017,6,18,35.4,24.8
2017,6,19,34.8,26.4
2017,6,20,34.6,26.4
2017,6,21,34.6,26
2017,6,22,33.2,24.8
2017,6,23,31.6,24.7
2017,6,24,34.5,26
2017,6,25,35.8,24.6
2017,6,26,36,27.4
2017,6,27,34.6,26
2017,6,28,33.5,24
2017,6,29,32.3,25.8
2017,6,30,34.4,26
2017,7,1,35.2,25.3
2017,7,2,33.8,23.2
2017,7,3,31.4,24.6
2017,7,4,30.2,24.4
2017,7,5,31.4,24.8
2017,7,6,34.1,25
2017,7,7,35,26.2
2017,7,8,33,23.7
2017,7,9,33.4,25.7
2017,7,10,32.2,25.4
2017,7,11,32.2,24.8
2017,7,12,31.8,24.6
2017,7,13,32,24.8
2017,7,14,31.3,23.6
2017,7,15,31.3,24.5
2017,7,16,31.2,24.4
2017,7,17,32.6,25.3
2017,7,18,31.4,25
2017,7,19,30.2,25
2017,7,20,29.8,24
2017,7,21,29.4,24.2
2017,7,22,29.8,24.5
2017,7,23,29.7,24.2
2017,7,24,32.2,24.6
2017,7,25,31.5,24.6
2017,7,26,26.2,24.4
2017,7,27,27.8,24.8
2017,7,28,29.6,25.4
2017,7,29,29.8,25.6
2017,7,30,30.7,25.3
2017,7,31,31.9,25.6
2017,8,1,33.1,26
2017,8,2,30.7,25.6
2017,8,3,31.8,24.8
2017,8,4,31.2,23.4
2017,8,5,29.8,25.4
2017,8,6,31.6,25.4
2017,8,7,32.8,25.6
2017,8,8,33.6,24.3
2017,8,9,32,24.4
2017,8,10,32,24.4
2017,8,11,33.8,26
2017,8,12,34.4,26.2
2017,8,13,33.6,24.8
2017,8,14,33.6,25.8
2017,8,15,34.4,25.2
2017,8,16,35,25.8
2017,8,17,34,26.4
2017,8,18,34.3,24
2017,8,19,33.4,23.8
2017,8,20,32.2,23.9
2017,8,21,29.8,24.5
2017,8,22,30.7,24.2
2017,8,23,29.5,24.6
2017,8,24,29.2,24
2017,8,25,30.2,23.4
2017,8,26,27.2,23.3
2017,8,27,32.6,24.6
2017,8,28,34.4,25.1
2017,8,29,33.2,25.2
2017,8,30,31.6,25.2
2017,8,31,29.4,24.2
2017,9,1,31.4,24.4
2017,9,2,33.8,25
2017,9,3,32.6,24.8
2017,9,4,33.7,25.4
2017,9,5,28.5,23.6
2017,9,6,30,22.8
2017,9,7,32.9,24.8
2017,9,8,34.4,26.4
2017,9,9,34.8,26
2017,9,10,34.9,25
2017,9,11,28.4,25.8
2017,9,12,27.2,24.4
2017,9,13,32,25.4
2017,9,14,31.8,25.4
2017,9,15,31.2,24
2017,9,16,33,24.4
2017,9,17,33.7,25.4
2017,9,18,33.1,25
2017,9,19,33.7,24.5
2017,9,20,32.2,25
2017,9,21,33.6,25
2017,9,22,32.8,24
2017,9,23,27,24.6
2017,9,24,33,24.8
2017,9,25,33.4,24.6
2017,9,26,27.8,24.6
2017,9,27,32.4,25.2
2017,9,28,31.2,24.2
2017,9,29,29.8,25.6
2017,9,30,29,25
2017,10,1,30.4,25
2017,10,2,32.6,25.1
2017,10,3,32,23.5
2017,10,4,33.2,25.6
2017,10,5,29.8,25.4
2017,10,6,33.2,24.4
2017,10,7,33,24.5
2017,10,8,31,25
2017,10,9,31,24.4
2017,10,10,33.3,24.6
2017,10,11,32.4,24.8
2017,10,12,30.8,24.2
2017,10,13,29.7,25.3
2017,10,14,27.5,23.6
2017,10,15,30,25.2
2017,10,16,32.6,24.6
2017,10,17,34,26
2017,10,18,33.5,24.3
2017,10,19,31.2,24.6
2017,10,20,33,25.4
2017,10,21,31.6,25
2017,10,22,32.4,24.8
2017,10,23,31.6,24.8
2017,10,24,31,23.4
2017,10,25,31.7,24.8
2017,10,26,31.2,25.4
2017,10,27,32,25.2
2017,10,28,32.4,25
2017,10,29,32.8,25.8
2017,10,30,33,24
2017,10,31,29.4,24.6
2017,11,1,26.2,23.4
2017,11,2,26.2,24.4
2017,11,3,31,24.2
2017,11,4,30.8,23.2
2017,11,5,26.6,23.2
2017,11,6,32.4,25.2
2017,11,7,30.6,25
2017,11,8,32.4,25
2017,11,9,31,22.8
2017,11,10,30.2,24.2
2017,11,11,31.2,24.4
2017,11,12,31.2,24.8
2017,11,13,31.6,25
2017,11,14,32.4,24.4
2017,11,15,32.3,24
2017,11,16,31.7,24.5
2017,11,17,31.1,24.2
2017,11,18,32.6,25
2017,11,19,32.2,24.5
2017,11,20,31,25.2
2017,11,21,31.8,25
2017,11,22,31.4,24.8
2017,11,23,32.6,25.8
2017,11,24,32.4,24.1
2017,11,25,31,25.2
2017,11,26,32,24.2
2017,11,27,32,24.4
2017,11,28,32.2,24.4
2017,11,29,32.3,25.5
2017,11,30,30.8,24.7
2017,12,1,31.3,24.4
2017,12,2,32.4,24.8
2017,12,3,32.2,24.3
2017,12,4,32.9,25
2017,12,5,31.2,24
2017,12,6,31.6,23.8
2017,12,7,32.2,25
2017,12,8,30.4,25.8
2017,12,9,32.2,25.2
2017,12,10,32.2,25.4
2017,12,11,31.4,24.4
2017,12,12,31.4,24.4
2017,12,13,32,23.8
2017,12,14,30.4,22.2
2017,12,15,29,21
2017,12,16,29.6,22.2
2017,12,17,30.4,24.2
2017,12,18,26.2,23.8
2017,12,19,30.2,23
2017,12,20,30.5,24
2017,12,21,29.6,23.4
2017,12,22,31.9,24.6
2017,12,23,31,24.8
2017,12,24,31.8,23.8
2017,12,25,31.6,25
2017,12,26,30.1,25.4
2017,12,27,28.9,24.6
2017,12,28,29.7,22.8
2017,12,29,31.7,21.4
2017,12,30,30,21.8
2017,12,31,29.2,21.5
2018,1,1,30.1,23.4
2018,1,2,29.2,23.4
2018,1,3,30,23.5
2018,1,4,30.1,23.8
2018,1,5,31,24.5
2018,1,6,31.8,23
2018,1,7,32.6,24.4
2018,1,8,31.7,24.8
2018,1,9,33,24
2018,1,10,32.2,23.8
2018,1,11,30.7,22.9
2018,1,12,29.3,22
2018,1,13,29.4,21.8
2018,1,14,29.3,21.4
2018,1,15,29.8,23
2018,1,16,31.4,24
2018,1,17,26.8,23.8
2018,1,18,30.2,24.3
2018,1,19,29.5,23
2018,1,20,30.8,23.6
2018,1,21,30.6,23
2018,1,22,31.2,23.8
2018,1,23,32.2,23.6
2018,1,24,30.2,24
2018,1,25,31.7,24
2018,1,26,32.4,24.4
2018,1,27,28.4,24
2018,1,28,27.6,23.2
2018,1,29,31,24.4
2018,1,30,29.4,22.8
2018,1,31,31.4,23.2
2018,2,1,31.4,23.8
2018,2,2,31.4,22.2
2018,2,3,30.7,23
2018,2,4,30.6,22.2
2018,2,5,29.1,20.9
2018,2,6,28.9,21.2
2018,2,7,30,20.7
2018,2,8,27.8,20.6
2018,2,9,31,22.4
2018,2,10,32.4,23.8
2018,2,11,31.4,23.7
2018,2,12,31.6,22.8
2018,2,13,29.4,22.4
2018,2,14,30.6,23.6
2018,2,15,33,24.2
2018,2,16,34,24
2018,2,17,34.2,23.5
2018,2,18,33.6,23.8
2018,2,19,33.4,23
2018,2,20,33.6,24
2018,2,21,33.9,24.6
2018,2,22,33.7,25.2
2018,2,23,31.6,23.4
2018,2,24,33.4,24.4
2018,2,25,32.8,23.4
2018,2,26,33,24.8
2018,2,27,32.2,24
2018,2,28,33.2,24.6
2018,3,1,34.4,25
2018,3,2,33.2,24.2
2018,3,3,32.4,24.6
2018,3,4,34.2,23.2
2018,3,5,35.6,24.4
2018,3,6,35,24.8
2018,3,7,33,25.6
2018,3,8,33.5,24.5
2018,3,9,32.2,23
2018,3,10,29,20.8
2018,3,11,30,21.7
2018,3,12,31,21.8
2018,3,13,31.3,22.4
2018,3,14,32.4,23.7
2018,3,15,34.2,24.4
2018,3,16,34.6,23.8
2018,3,17,33,23.8
2018,3,18,33.6,24
2018,3,19,34.5,23.6
2018,3,20,34.2,23
2018,3,21,33.8,24.4
2018,3,22,29.4,22
2018,3,23,30.8,21.8
2018,3,24,29.6,21
2018,3,25,32,22.2
2018,3,26,32.2,23.4
2018,3,27,32.2,23
2018,3,28,33.2,24
2018,3,29,32.7,24.2
2018,3,30,33.2,23
2018,3,31,30.2,24.2
2018,4,1,32,23
2018,4,2,31.4,23.6
2018,4,3,31.2,24.8
2018,4,4,32.5,24.6
2018,4,5,31.2,23.4
2018,4,6,34,25.4
2018,4,7,33.4,24
2018,4,8,31.7,23.8
2018,4,9,32.7,25.2
2018,4,10,34.6,24.8
2018,4,11,35,24.8
2018,4,12,34.8,25.2
2018,4,13,35.2,25.4
2018,4,14,34.2,25
2018,4,15,35.4,22.7
2018,4,16,34.6,24.5
2018,4,17,35.2,24.8
2018,4,18,33.3,24.3
2018,4,19,35,24.7
2018,4,20,34.8,25.2
2018,4,21,36.2,26.6
2018,4,22,32.2,25
2018,4,23,34.9,26.3
2018,4,24,36,25.8
2018,4,25,35.4,25.6
2018,4,26,35.2,25
2018,4,27,35.2,25.4
2018,4,28,34.8,25.6
2018,4,29,35.1,26.1
2018,4,30,35.6,26
2018,5,1,34,27.2
2018,5,2,36.4,26.6
2018,5,3,36.9,26.4
2018,5,4,34.6,26.1
2018,5,5,30.3,24.6
2018,5,6,33.6,25
2018,5,7,36.4,27
2018,5,8,35.2,26.2
2018,5,9,35.8,24.6
2018,5,10,35.4,26.2
2018,5,11,35.3,26.2
2018,5,12,35.2,24.2
2018,5,13,35,26
2018,5,14,36.3,27.4
2018,5,15,33.8,27
2018,5,16,34.9,26.8
2018,5,17,36.1,26.1
2018,5,18,35.6,27.6
2018,5,19,35.6,26.5
2018,5,20,36,24.8
2018,5,21,35.6,24
2018,5,22,34.6,25.6
2018,5,23,34.8,26.6
2018,5,24,35.7,26.1
2018,5,25,35,26
2018,5,26,35.2,26.9
2018,5,27,36.1,24.6
2018,5,28,36.4,27.8
2018,5,29,36,27
2018,5,30,35.8,26.8
2018,5,31,35.2,26.8
2018,6,1,35.4,27
2018,6,2,34.8,25
2018,6,3,33.5,25.7
2018,6,4,34.6,27.5
2018,6,5,35.2,24.6
2018,6,6,31.9,25.6
2018,6,7,32.4,25.2
2018,6,8,30.5,25
2018,6,9,28.6,24.5
2018,6,10,27,24.8
2018,6,11,29,24.2
2018,6,12,28.4,24.6
2018,6,13,25.9,23.9
2018,6,14,28.7,23.8
2018,6,15,28.3,23.8
2018,6,16,30.2,24
2018,6,17,30,24.6
2018,6,18,31.3,25.4
2018,6,19,33.5,25.2
2018,6,20,32.6,24.2
2018,6,21,32,24
2018,6,22,31.2,25
2018,6,23,32.6,24.2
2018,6,24,33.2,24.2
2018,6,25,31.6,24.6
2018,6,26,31,24.4
2018,6,27,32.4,24.8
2018,6,28,33.5,25.5
2018,6,29,32.8,25.3
2018,6,30,30,24.6
2018,7,1,30.8,24.4
2018,7,2,31.5,24.2
2018,7,3,30.7,24.2
2018,7,4,31.2,24.4
2018,7,5,31.2,24.4
2018,7,6,31.8,25.6
2018,7,7,31,25
2018,7,8,31.4,24.2
2018,7,9,29.2,24
2018,7,10,30.8,24.8
2018,7,11,29.2,24.3
2018,7,12,27.2,23.9
2018,7,13,30.6,23.9
2018,7,14,28.2,24.5
2018,7,15,31.2,25
2018,7,16,29,24.7
2018,7,17,24.9,24.3
2018,7,18,25.5,24
2018,7,19,28.9,23.2
2018,7,20,27,23.4
2018,7,21,27.2,24.4
2018,7,22,27.8,22.8
2018,7,23,28,24
2018,7,24,30,24.2
2018,7,25,30.2,23.9
2018,7,26,30.1,24.6
2018,7,27,29.8,25
2018,7,28,30.8,24.8
2018,7,29,30.6,24.2
2018,7,30,31.1,24.3
2018,7,31,31.9,24.7
2018,8,1,31.7,25.8
2018,8,2,30.5,25
2018,8,3,31,24.2
2018,8,4,31.2,24.4
2018,8,5,32.4,25
2018,8,6,31.4,24.8
2018,8,7,30.3,24.7
2018,8,8,28.2,24.5
2018,8,9,28,24
2018,8,10,27.3,24.6
2018,8,11,25.4,24.2
2018,8,12,26.8,24.4
2018,8,13,27.2,24.6
2018,8,14,28.7,24.7
2018,8,15,30.8,25.2
2018,8,16,30.4,25
2018,8,17,30,24.6
2018,8,18,30,24.4
2018,8,19,30.4,24.4
2018,8,20,25.5,24.5
2018,8,21,31.3,25
2018,8,22,30.8,25.3
2018,8,23,30.6,25.2
2018,8,24,30.7,23.6
2018,8,25,28,24.3
2018,8,26,27.4,23.6
2018,8,27,31.2,23.7
2018,8,28,32,24.7
2018,8,29,31.5,24
2018,8,30,33,25
2018,8,31,33.8,24.4
2018,9,1,32.2,24.6
2018,9,2,33,24.4
2018,9,3,30.2,24
2018,9,4,30.5,24.1
2018,9,5,32.1,24.6
2018,9,6,33.3,22.7
2018,9,7,25.4,23.4
2018,9,8,31,23.2
2018,9,9,29.4,23.8
2018,9,10,30,24.5
2018,9,11,30.2,23.9
2018,9,12,31,24
2018,9,13,33.8,25.8
2018,9,14,29,24.7
2018,9,15,25.4,23.4
2018,9,16,28.7,24.4
2018,9,17,31,25
2018,9,18,32.9,25.2
2018,9,19,32.7,25.4
2018,9,20,31.2,24.5
2018,9,21,33.1,24.9
2018,9,22,33.4,25
2018,9,23,33.8,25.2
2018,9,24,32.6,24.5
2018,9,25,32.8,24.2
2018,9,26,31.5,24
2018,9,27,33,24.5
2018,9,28,31,24.8
2018,9,29,34.9,25
2018,9,30,32,25.5
2018,10,1,32.8,25.2
2018,10,2,33.1,24.6
2018,10,3,31.4,24.5
2018,10,4,32.2,24.5
2018,10,5,32,23.2
2018,10,6,31.8,25
2018,10,7,32.6,25.2
2018,10,8,33.3,25.5
2018,10,9,33,25.3
2018,10,10,32.5,25.4
2018,10,11,33.2,26
2018,10,12,33.4,25.8
2018,10,13,33.4,25.8
2018,10,14,33.3,25.2
2018,10,15,32.8,25.2
2018,10,16,33.2,25.8
2018,10,17,33,24.2
2018,10,18,33.1,24.8
2018,10,19,32.1,25
2018,10,20,32.8,26
2018,10,21,32.3,24.4
2018,10,22,32.4,24.4
2018,10,23,32.8,25.1
2018,10,24,33,25.4
2018,10,25,33.2,24.6
2018,10,26,33.3,24.4
2018,10,27,33.4,26
2018,10,28,32.6,21.8
2018,10,29,30.6,23.5
2018,10,30,27.8,24.4
2018,10,31,31.4,24.7
2018,11,1,33.1,25.1
2018,11,2,32.3,25
2018,11,3,32.6,25.2
2018,11,4,33,24.8
2018,11,5,31.8,24.8
2018,11,6,31,25.4
2018,11,7,33,24.2
2018,11,8,32.8,24.3
2018,11,9,30.6,25
2018,11,10,31.4,23.6
2018,11,11,32,23.8
2018,11,12,31.9,24.2
2018,11,13,31,24
2018,11,14,32.9,24.2
2018,11,15,32.2,23.2
2018,11,16,31.4,22.8
2018,11,17,32,23.4
2018,11,18,31.3,23
2018,11,19,31.6,23.8
2018,11,20,31,25
2018,11,21,28.2,24.8
2018,11,22,31.4,24.4
2018,11,23,32.4,23
2018,11,24,31.8,24.2
2018,11,25,29,22.6
2018,11,26,31.8,23.4
2018,11,27,32.8,24
2018,11,28,32,24.2
2018,11,29,31.3,24.1
2018,11,30,31,23
2018,12,1,32.4,23.8
2018,12,2,32,23.4
2018,12,3,32.4,24.7
2018,12,4,29.4,25
2018,12,5,32.1,24.2
2018,12,6,32.4,23.9
2018,12,7,32.2,24.6
2018,12,8,32.5,24.8
2018,12,9,31.6,23.4
2018,12,10,32.6,24.2
2018,12,11,32.7,23.8
2018,12,12,31.6,24.5
2018,12,13,31,23.4
2018,12,14,30.6,24
2018,12,15,30.6,24.2
2018,12,16,30.4,23
2018,12,17,30.8,23.2
2018,12,18,31.4,24.2
2018,12,19,30,22.4
2018,12,20,28.6,24.2
2018,12,21,31.7,23.6
2018,12,22,30.9,25.2
2018,12,23,26.8,23.2
2018,12,24,28.2,24.2
2018,12,25,30.8,23.4
2018,12,26,30.3,24
2018,12,27,31.4,24.7
2018,12,28,29,23.2
2018,12,29,24,22.1
2018,12,30,27,23.6
2018,12,31,26.8,23.2
2019,1,1,24.8,22.8
2019,1,2,29.9,23.5
2019,1,3,30,23.4
2019,1,4,30,23
2019,1,5,31.2,22.6
2019,1,6,28.7,20.8
2019,1,7,29.4,22
2019,1,8,29,23
2019,1,9,30.2,23
2019,1,10,29.8,23.6
2019,1,11,30.3,24
2019,1,12,30.8,23.6
2019,1,13,30.4,23.5
2019,1,14,29.9,21.4
2019,1,15,30,22.2
2019,1,16,30,20
2019,1,17,30.1,21.7
2019,1,18,30.4,22
2019,1,19,29.2,22.6
2019,1,20,31,23.2
2019,1,21,31,22.6
2019,1,22,32.1,22.8
2019,1,23,30.1,22.9
2019,1,24,30,22.4
2019,1,25,29.5,21.4
2019,1,26,29,20.2
2019,1,27,28.5,19.6
2019,1,28,28.4,19.9
2019,1,29,28.6,20.2
2019,1,30,29.6,22.2
2019,1,31,28.9,21.2
2019,2,1,29.5,21.7
2019,2,2,28.7,21.1
2019,2,3,31.2,23.6
2019,2,4,31.1,21
2019,2,5,30.4,21.6
2019,2,6,31.7,20
2019,2,7,32.2,20.2
2019,2,8,33.4,21.4
2019,2,9,32.8,22.7
2019,2,10,31.4,22.6
2019,2,11,31.6,21.2
2019,2,12,31.4,22.7
2019,2,13,27.4,21.5
2019,2,14,30.2,20
2019,2,15,31.5,20.6
2019,2,16,33.2,21
2019,2,17,31.8,21.9
2019,2,18,31.7,20
2019,2,19,32.3,21.6
2019,2,20,31.6,19.8
2019,2,21,32,20.3
2019,2,22,31.6,21.8
2019,2,23,30.6,20.4
2019,2,24,32.7,21.4
2019,2,25,31.9,23.2
2019,2,26,31.6,21.2
2019,2,27,31.7,23.1
2019,2,28,31.8,23.2
2019,3,1,32.8,22.4
2019,3,2,32,21
2019,3,3,33.2,22.4
2019,3,4,34,23.9
2019,3,5,32.4,22
2019,3,6,34.1,24.7
2019,3,7,34.2,24.6
2019,3,8,33.4,23.4
2019,3,9,33.6,22.3
2019,3,10,34,22.3
2019,3,11,34.2,22.9
2019,3,12,34.2,24.8
2019,3,13,32.4,23.9
2019,3,14,34.1,25.4
2019,3,15,34.4,23.8
2019,3,16,31.2,22.6
2019,3,17,33.6,23
2019,3,18,33,23.2
2019,3,19,34.8,22.6
2019,3,20,34.6,23
2019,3,21,34.4,23
2019,3,22,34.8,25
2019,3,23,34.8,24.7
2019,3,24,32.8,22.1
2019,3,25,34,22.7
2019,3,26,34,24.4
2019,3,27,33.2,23.8
2019,3,28,34,25.5
2019,3,29,34.1,26.2
2019,3,30,35.4,23.8
2019,3,31,33.6,25.2
2019,4,1,33.6,24.6
2019,4,2,33.8,25.9
2019,4,3,34.4,23.7
2019,4,4,35,24.7
2019,4,5,34,25.7
2019,4,6,33.8,25.3
2019,4,7,35.2,26.3
2019,4,8,36.6,25.6
2019,4,9,33.3,25.8
2019,4,10,37.1,25.5
2019,4,11,35,25.9
2019,4,12,33.2,25.7
2019,4,13,34.2,25.2
2019,4,14,32.8,24.1
2019,4,15,32.4,24
2019,4,16,34.6,25.7
2019,4,17,34,24.4
2019,4,18,35.1,26.2
2019,4,19,34.6,25.4
2019,4,20,35.8,24.7
2019,4,21,35.2,26.4
2019,4,22,35.9,25.8
2019,4,23,34.3,24.6
2019,4,24,36.3,24.8
2019,4,25,36.5,25
2019,4,26,36,24.7
2019,4,27,35,23.8
2019,4,28,35.8,24.8
2019,4,29,35.6,25.4
2019,4,30,35.5,26.8
2019,5,1,35.2,26.2
2019,5,2,34.7,25.1
2019,5,3,33.2,25.6
2019,5,4,31.2,25
2019,5,5,32,25.3
2019,5,6,31.7,24.6
2019,5,7,31.6,25.9
2019,5,8,32.7,24.9
2019,5,9,33.6,24.4
2019,5,10,32.7,25.4
2019,5,11,30.6,23.9
2019,5,12,32.2,25.7
2019,5,13,34.4,26.3
2019,5,14,34.9,25.6
2019,5,15,34.7,25.8
2019,5,16,35.2,27.6
2019,5,17,35.6,26.3
2019,5,18,34.5,26.4
2019,5,19,34.8,26.9
2019,5,20,32.2,25.5
2019,5,21,35,25.3
2019,5,22,33.9,24.8
2019,5,23,34.5,25.5
2019,5,24,34.9,25.6
2019,5,25,33.9,24.6
2019,5,26,33.5,24
2019,5,27,33.6,24.2
2019,5,28,34.4,25.4
2019,5,29,33.6,25.6
2019,5,30,35.5,27
2019,5,31,35.2,26.6
2019,6,1,35.6,26.8
2019,6,2,36.4,26.6
2019,6,3,35.9,26.6
2019,6,4,35.7,27.1
2019,6,5,36.2,26.4
2019,6,6,36.3,26.5
2019,6,7,36.1,26.7
2019,6,8,36.4,26.5
2019,6,9,36.2,26.6
2019,6,10,34.5,26.2
2019,6,11,34.7,25.8
2019,6,12,35,25.3
2019,6,13,31.9,25.8
2019,6,14,33.6,24.9
2019,6,15,30.5,24.8
2019,6,16,34,25.4
2019,6,17,35.3,27.1
2019,6,18,34.4,25.5
2019,6,19,34.3,26.4
2019,6,20,35.5,26.6
2019,6,21,35.3,26
2019,6,22,35.1,25.6
2019,6,23,35.1,23.8
2019,6,24,33.8,24.7
2019,6,25,33.3,24.7
2019,6,26,32.7,25
2019,6,27,29.5,24.2
2019,6,28,29.2,24
2019,6,29,28,24
2019,6,30,31,24.9
2019,7,1,25.2,24
2019,7,2,29.5,24.9
2019,7,3,33.6,24.3
2019,7,4,34.3,24.9
2019,7,5,32.4,24.3
2019,7,6,32.5,24.5
2019,7,7,33.4,24.9
2019,7,8,33.6,24.2
2019,7,9,32.7,24.7
2019,7,10,31.3,24.3
2019,7,11,34,24.6
2019,7,12,33.7,24.6
2019,7,13,33.8,24.3
2019,7,14,33.1,23.2
2019,7,15,30.3,24.9
2019,7,16,29.2,23.7
2019,7,17,29.7,24.1
2019,7,18,31.6,24.9
2019,7,19,30.6,25.3
2019,7,20,30.7,24.9
2019,7,21,32.6,24.1
2019,7,22,34,24.9
2019,7,23,32.9,24.6
2019,7,24,33,24.9
2019,7,25,32.3,24.2
2019,7,26,31.2,25
2019,7,27,31.5,23.4
2019,7,28,29.2,23.8
2019,7,29,26.3,23
2019,7,30,28.2,22.8
2019,7,31,29.3,23.4
2019,8,1,27.1,22.9
2019,8,2,26.3,23.8
2019,8,3,25.8,23.5
2019,8,4,29.1,24.1
2019,8,5,30.6,24.6
2019,8,6,30.7,24.5
2019,8,7,30.3,25.3
2019,8,8,31,24.2
2019,8,9,28.7,25.2
2019,8,10,29.4,25.1
2019,8,11,30.2,24.9
2019,8,12,32.1,25.7
2019,8,13,30.5,24.9
2019,8,14,32.5,25.3
2019,8,15,32.4,24.5
2019,8,16,33.3,24.9
2019,8,17,33.6,25.4
2019,8,18,33.6,24.9
2019,8,19,32,24.6
2019,8,20,32.2,25.2
2019,8,21,31.3,23.4
2019,8,22,31,24
2019,8,23,30.1,23.9
2019,8,24,26.7,23.3
2019,8,25,29.3,24
2019,8,26,32.2,23.6
2019,8,27,28.8,24.3
2019,8,28,29.3,24.6
2019,8,29,28.6,23.8
2019,8,30,29.5,24.6
2019,8,31,30,23.4
2019,9,1,31,24
2019,9,2,29.6,23.8
2019,9,3,28.2,24.5
2019,9,4,33,25.6
2019,9,5,31,24.2
2019,9,6,30.6,25.4
2019,9,7,30.6,25.4
2019,9,8,30,23.8
2019,9,9,25.4,23
2019,9,10,26.9,23.3
2019,9,11,30.8,24.4
2019,9,12,27,22.9
2019,9,13,32.5,24.7
2019,9,14,32.4,24.6
2019,9,15,28,24.7
2019,9,16,30,24.6
2019,9,17,28.6,23.8
2019,9,18,27.8,23.7
2019,9,19,29.7,23.8
2019,9,20,30.4,23.5
2019,9,21,31.4,23
2019,9,22,31.2,23.8
2019,9,23,32.6,25.2
2019,9,24,33.7,25.4
2019,9,25,32.8,25.5
2019,9,26,34.3,26
2019,9,27,33.6,26
2019,9,28,34.4,25.9
2019,9,29,32.8,25.4
2019,9,30,32.6,24.6
2019,10,1,32.2,24
2019,10,2,31.9,21.2
2019,10,3,32.6,24.4
2019,10,4,31.8,23
2019,10,5,32.5,24.8
2019,10,6,30.3,24
2019,10,7,33,24.8
2019,10,8,33.4,25.2
2019,10,9,32.6,24.4
2019,10,10,33.4,24.8
2019,10,11,31.7,24.5
2019,10,12,33,25
2019,10,13,32.5,24.8
2019,10,14,31.6,24.6
2019,10,15,32.1,24.6
2019,10,16,32.8,25.6
2019,10,17,33.8,24.9
2019,10,18,33.8,25.6
2019,10,19,33.4,25.6
2019,10,20,33.4,25
2019,10,21,33,26
2019,10,22,32.8,25
2019,10,23,32.6,25.6
2019,10,24,33,25.1
2019,10,25,33.2,25.2
2019,10,26,33,24.8
2019,10,27,33.9,25.7
2019,10,28,30,25.2
2019,10,29,27.8,24
2019,10,30,29.3,24.7
2019,10,31,32.5,25.3
2019,11,1,31.8,24.6
2019,11,2,31,24.6
2019,11,3,32.4,25
2019,11,4,30.6,24.6
2019,11,5,27.2,24.3
2019,11,6,29.2,23.8
2019,11,7,29.8,23.4
2019,11,8,31.8,24
2019,11,9,31.8,24.4
2019,11,10,28.4,23.6
2019,11,11,31.2,24.2
2019,11,12,31.2,23.9
2019,11,13,30.4,24.6
2019,11,14,32,24.9
2019,11,15,32.5,25.2
2019,11,16,33.2,24.6
2019,11,17,32.8,25
2019,11,18,32.6,24.6
2019,11,19,31.6,24.9
2019,11,20,31.6,23.1
2019,11,21,30,24
2019,11,22,29.7,24.5
2019,11,23,32.3,24.2
2019,11,24,33,24.3
2019,11,25,31.6,24.5
2019,11,26,32.1,24.3
2019,11,27,32.4,24.4
2019,11,28,31,24.6
2019,11,29,31,21.9
2019,11,30,30.6,21.9
2019,12,1,30.4,23.1
2019,12,2,30.7,25.4
2019,12,3,26.8,22.6
2019,12,4,31.3,24.2
2019,12,5,30.9,24.2
2019,12,6,31.2,23
2019,12,7,31.5,22.6
2019,12,8,30,21.5
2019,12,9,30.5,22.3
2019,12,10,30.9,23.1
2019,12,11,31,24.2
2019,12,12,29.6,24.3
2019,12,13,31.6,24
2019,12,14,32,24.6
2019,12,15,31.2,24
2019,12,16,31,23.6
2019,12,17,31.6,22.4
2019,12,18,31.5,23.6
2019,12,19,30.1,23.4
2019,12,20,31,23
2019,12,21,29.9,22.4
2019,12,22,31.9,22.3
2019,12,23,32,22.8
2019,12,24,32.3,24.1
2019,12,25,28.6,23.8
2019,12,26,27.8,24.4
2019,12,27,32,24.1
2019,12,28,30.6,23.4
2019,12,29,29.8,22.3
2019,12,30,30.1,23.3
2019,12,31,31.6,23.9
2020,1,1,30.6,24.3
2020,1,2,31.8,22.2
2020,1,3,30.5,21.4
2020,1,4,31.1,22.8
2020,1,5,29.9,24.3
2020,1,6,29.8,22.6
2020,1,7,31.8,23.5
2020,1,8,32,22.4
2020,1,9,31,22.7
2020,1,10,31,22.1
2020,1,11,31.5,24.2
2020,1,12,31.9,23.3
2020,1,13,30.7,22.8
2020,1,14,30.6,22.5
2020,1,15,31,23
2020,1,16,32.8,23.5
2020,1,17,32.6,24
2020,1,18,32.5,22.8
2020,1,19,31.6,22.9
2020,1,20,30.4,23
2020,1,21,28.5,22
2020,1,22,31.2,22.3
2020,1,23,31.2,23.5
2020,1,24,28.7,23.6
2020,1,25,30,23
2020,1,26,32.4,22.4
2020,1,27,31.5,20.8
2020,1,28,32.3,21.2
2020,1,29,30.3,21.7
2020,1,30,29.9,21.2
2020,1,31,29,20
2020,2,1,29,20
2020,2,2,29.2,19.2
2020,2,3,28.8,19.1
2020,2,4,29.7,21.6
2020,2,5,31.3,23.3
2020,2,6,31.1,23.7
2020,2,7,31.9,23.5
2020,2,8,30.8,24.7
2020,2,9,30,21.6
2020,2,10,28,20.5
2020,2,11,28.2,19.4
2020,2,12,30.6,20.3
2020,2,13,31,21.3
2020,2,14,30.6,22.8
2020,2,15,32.1,20.9
2020,2,16,33.7,23.1
2020,2,17,32.7,23
2020,2,18,30.2,21.2
2020,2,19,31.8,20
2020,2,20,30.2,20.4
2020,2,21,30.9,21.4
2020,2,22,30.9,21.3
2020,2,23,30.8,22.8
2020,2,24,31.4,23.7
2020,2,25,31.9,21.8
2020,2,26,33.1,22.7
2020,2,27,31.2,22.1
2020,2,28,32.1,22.1
2020,2,29,32.8,22
2020,3,1,32.6,23.5
2020,3,2,33.3,22.5
2020,3,3,32.3,23.1
2020,3,4,30.8,22.7
2020,3,5,33.7,23.8
2020,3,6,33.2,23.2
2020,3,7,35.1,25.6
2020,3,8,34.9,25.6
2020,3,9,35.6,25.7
2020,3,10,34,25.4
2020,3,11,33.8,24.8
2020,3,12,33.2,22.5
2020,3,13,35.1,24
2020,3,14,35.3,24.4
2020,3,15,33.9,24.7
2020,3,16,31.8,23.4
2020,3,17,31.6,23.1
2020,3,18,34,21.9
2020,3,19,34.4,24.2
2020,3,20,35.1,24.1
2020,3,21,35.3,24.2
2020,3,22,35.5,24.3
2020,3,23,35.3,24
2020,3,24,34.2,23.8
2020,3,25,34,22.5
2020,3,26,35.2,23.5
2020,3,27,34,24.3
2020,3,28,35.7,25.3
2020,3,29,35.6,23.7
2020,3,30,34,23.8
2020,3,31,34.2,24.4
2020,4,1,36.6,24.9
2020,4,2,35.4,23.5
2020,4,3,35.7,23.6
2020,4,4,36,24.9
2020,4,5,35.2,23.5
2020,4,6,35.2,24.9
2020,4,7,33.9,24.7
2020,4,8,34.8,24.9
2020,4,9,32.9,24.3
2020,4,10,32.8,24.6
2020,4,11,33.4,25.3
2020,4,12,32,24.3
2020,4,13,33.6,24.2
2020,4,14,32,23.8
2020,4,15,32.9,23.9
2020,4,16,35.2,24.3
2020,4,17,33.5,25.6
2020,4,18,33.5,25.4
2020,4,19,34.9,25.6
2020,4,20,36,25.8
2020,4,21,36.4,26.4
2020,4,22,36.1,27.3
2020,4,23,36.2,26.9
2020,4,24,35.1,24.6
2020,4,25,35.7,25.8
2020,4,26,35.7,24.7
2020,4,27,35.7,25.6
2020,4,28,36.3,24.5
2020,4,29,34.6,25.3
2020,4,30,35.8,24.9
2020,5,1,37,26.3
2020,5,2,36.8,26.8
2020,5,3,34.2,26
2020,5,4,37.8,27.2
2020,5,5,37.9,27.8
2020,5,6,38.3,28.4
2020,5,7,37.4,25
2020,5,8,37.9,27.8
2020,5,9,37.4,23
2020,5,10,37,22.5
2020,5,11,36.2,27
2020,5,12,35.3,26.3
2020,5,13,36.2,26.4
2020,5,14,35.9,27
2020,5,15,29.3,23.2
2020,5,16,29.7,24.5
2020,5,17,34.2,25.9
2020,5,18,34.2,25.6
2020,5,19,32.7,24.7
2020,5,20,33.4,26.5
2020,5,21,34.3,26.1
2020,5,22,34,26
2020,5,23,32.1,24.5
2020,5,24,33.3,24.6
2020,5,25,33.7,26.3
2020,5,26,33.7,25.7
2020,5,27,33.9,25.6
2020,5,28,35,24.9
2020,5,29,35.3,26.2
2020,5,30,35.4,26.8
2020,5,31,36.3,25.4
2020,6,1,35.5,25.9
2020,6,2,35.2,26.8
2020,6,3,34.9,26.2
2020,6,4,35.7,27.3
2020,6,5,37.5,27.6
2020,6,6,37.1,27.8
2020,6,7,36.4,24.7
2020,6,8,34.6,23.4
2020,6,9,34.3,26.2
2020,6,10,35.2,26.6
2020,6,11,35.1,24.6
2020,6,12,27,24.1
2020,6,13,32.5,24.9
2020,6,14,33.6,24.9
2020,6,15,34,25.9
2020,6,16,35.2,25.9
2020,6,17,34.3,26.4
2020,6,18,36,25.7
2020,6,19,32.7,24.2
2020,6,20,33.8,25.2
2020,6,21,35.1,25.8
2020,6,22,35.3,26.6
2020,6,23,34.9,25.2
2020,6,24,34.4,25
2020,6,25,35.8,24.4
2020,6,26,34,25.3
2020,6,27,33.7,25.5
2020,6,28,31.5,24.5
2020,6,29,31.8,24.5
2020,6,30,33.1,24.4
2020,7,1,34.4,25.6
2020,7,2,34.7,25.2
2020,7,3,34.1,26.2
2020,7,4,34,23
2020,7,5,33.6,25
2020,7,6,34.5,24.6
2020,7,7,35.5,26.1
2020,7,8,35.2,23.5
2020,7,9,36,26.3
2020,7,10,35.2,25.3
2020,7,11,34.5,24.5
2020,7,12,34.1,25.9
2020,7,13,29.4,23.7
2020,7,14,33.8,24.2
2020,7,15,35.3,24.2
2020,7,16,33.4,25
2020,7,17,34.4,25.6
2020,7,18,35.4,25
2020,7,19,33.1,25.3
2020,7,20,32,24
2020,7,21,35.1,23.5
2020,7,22,32.4,24.5
2020,7,23,35.6,24.6
2020,7,24,34.8,25.4
2020,7,25,34,22.9
2020,7,26,34.1,24.9
2020,7,27,34.6,24.5
2020,7,28,33.9,24
2020,7,29,32.4,24.6
2020,7,30,31,24.6
2020,7,31,29.7,24.2
2020,8,1,29.9,23.4
2020,8,2,27.4,24
2020,8,3,32.6,25
2020,8,4,33.4,24.9
2020,8,5,31.5,24.9
2020,8,6,32.6,24.5
2020,8,7,30.4,24
2020,8,8,29,24.6
2020,8,9,25.9,23.6
2020,8,10,28.2,24.2
2020,8,11,32.6,24.2
2020,8,12,31.1,24.2
2020,8,13,33.3,23.8
2020,8,14,33.3,23.6
2020,8,15,31.8,23.8
2020,8,16,30.6,24.2
2020,8,17,31,25
2020,8,18,32.8,25
2020,8,19,32.7,23.1
2020,8,20,31.3,24.4
2020,8,21,30.1,24.6
2020,8,22,32.1,24.6
2020,8,23,32.6,24
2020,8,24,34.5,24.6
2020,8,25,35.4,25.4
2020,8,26,33,23.5
2020,8,27,33.5,24.1
2020,8,28,32.4,24.5
2020,8,29,32.1,26
2020,8,30,31,24
2020,8,31,32.4,24
2020,9,1,32.3,24
2020,9,2,31.8,24.6
2020,9,3,32.8,24.2
2020,9,4,34.4,25.4
2020,9,5,33.9,24.8
2020,9,6,33.1,24
2020,9,7,33.4,24.6
2020,9,8,34.1,25.4
2020,9,9,35.1,25
2020,9,10,34.1,24.8
2020,9,11,35,25.2
2020,9,12,33.3,24.8
2020,9,13,33.8,26
2020,9,14,34.8,25.6
2020,9,15,29.2,24.5
2020,9,16,30.4,25.2
2020,9,17,29.4,24.6
2020,9,18,32,24.3
2020,9,19,33.3,24.8
2020,9,20,35.1,25.8
2020,9,21,34.2,26.4
2020,9,22,34.3,24.6
2020,9,23,33.2,24.3
2020,9,24,33.6,24.6
2020,9,25,32.5,25.2
2020,9,26,33.1,24.4
2020,9,27,33.6,25.2
2020,9,28,33.9,24.6
2020,9,29,33.6,24.8
2020,9,30,33.3,26
2020,10,1,33.4,24.6
2020,10,2,32.4,24.5
2020,10,3,32.6,25.2
2020,10,4,33.4,26.5
2020,10,5,34,25.7
2020,10,6,32.2,26
2020,10,7,33.2,25
2020,10,8,32.4,24
2020,10,9,30.4,24
2020,10,10,32.4,25
2020,10,11,29.2,24
2020,10,12,29.5,24.4
2020,10,13,33.3,24
2020,10,14,31.6,24.8
2020,10,15,30,24.6
2020,10,16,33,24.6
2020,10,17,30,24.4
2020,10,18,28,23.4
2020,10,19,33.1,25.4
2020,10,20,28.6,24.2
2020,10,21,28.2,24
2020,10,22,29.1,24.4
2020,10,23,29.5,24.2
2020,10,24,31.8,23.4
2020,10,25,33.2,25
2020,10,26,27.7,23.5
2020,10,27,30.7,24.5
2020,10,28,32,23
2020,10,29,32.2,26
2020,10,30,34.2,24.9
2020,10,31,32.4,24
2020,11,1,26.6,23.5
2020,11,2,28.7,23.6
2020,11,3,31.8,24.7
2020,11,4,30.3,24.9
2020,11,5,32.3,24.9
2020,11,6,33,25.2
2020,11,7,31,24.1
2020,11,8,31.6,24.9
2020,11,9,30.7,25
2020,11,10,33.3,24.1
2020,11,11,31.5,24
2020,11,12,28,24.2
2020,11,13,31.7,24.9
2020,11,14,31.7,24.9
2020,11,15,33.2,24.2
2020,11,16,33.4,24.2
2020,11,17,31.5,23.5
2020,11,18,32.8,24.3
2020,11,19,33.1,23.7
2020,11,20,34,25
2020,11,21,32.8,22.9
2020,11,22,32.6,24
2020,11,23,32.6,23.8
2020,11,24,32.4,23.1
2020,11,25,32.7,22.6
2020,11,26,32.5,23.4
2020,11,27,31.4,24.8
2020,11,28,31.7,23
2020,11,29,29.5,23.7
2020,11,30,30.8,22.6
2020,12,1,31.5,23.4
2020,12,2,31.2,24.8
2020,12,3,32.2,24.9
2020,12,4,31.2,25.2
2020,12,5,32.3,24.4
2020,12,6,33.4,25.6
2020,12,7,29.8,24.4
2020,12,8,30.7,24.7
2020,12,9,31.8,25.1
2020,12,10,28,23.7
2020,12,11,32.6,24.4
2020,12,12,33.5,24.8
2020,12,13,32,23.9
2020,12,14,32.8,24.1
2020,12,15,31.6,23.6
2020,12,16,31.2,23.8
2020,12,17,30.5,23.3
2020,12,18,30.4,23.4
2020,12,19,25.4,22.7
2020,12,20,28.9,23.1
2020,12,21,28.7,22.8
2020,12,22,32.4,24.5
2020,12,23,32.2,23.4
2020,12,24,32.6,24.4
2020,12,25,32.7,24.5
2020,12,26,32.4,23.7
2020,12,27,25,22
2020,12,28,30.8,23.5
2020,12,29,31.8,24.9
2020,12,30,32.1,23.4
2020,12,31,29,22.1
2021,1,1,28.8,22.1
2021,1,2,30.6,23.8
2021,1,3,30.5,24.4
2021,1,4,32,24.1
2021,1,5,31.4,23.2
2021,1,6,31.8,22.9
2021,1,7,30.7,22.9
2021,1,8,30.9,22.6
2021,1,9,29.8,21.5
2021,1,10,29.2,20.6
2021,1,11,29.4,21.5
2021,1,12,27.7,21.4
2021,1,13,28.6,22.6
2021,1,14,31.2,24
2021,1,15,30.5,23.8
2021,1,16,30.4,22.9
2021,1,17,29.8,24.1
2021,1,18,29.2,24
2021,1,19,30.2,24
2021,1,20,30.2,24.2
2021,1,21,30,24.6
2021,1,22,31.8,24.6
2021,1,23,27.5,23.6
2021,1,24,30.8,23.6
2021,1,25,30.3,24.6
2021,1,26,31.4,24.2
2021,1,27,30.4,23.8
2021,1,28,29.9,23
2021,1,29,27.8,20.8
2021,1,30,27.6,19
2021,1,31,28,21.2
2021,2,1,28,20.3
2021,2,2,30.4,21.5
2021,2,3,31.1,22.1
2021,2,4,30.8,22.6
2021,2,5,31.5,23.5
2021,2,6,31.2,24.1
2021,2,7,33,22.7
2021,2,8,32.1,23.7
2021,2,9,30,23.3
2021,2,10,30.5,22.9
2021,2,11,30.6,22.6
2021,2,12,31.2,23.4
2021,2,13,29.3,22
2021,2,14,30.9,22.7
2021,2,15,30,22.4
2021,2,16,30,21.3
2021,2,17,30.7,22.6
2021,2,18,30.2,20.6
2021,2,19,28.5,19.4
2021,2,20,28.6,19
2021,2,21,30.6,21.3
2021,2,22,29.7,24
2021,2,23,30.2,23.7
2021,2,24,33.2,23.4
2021,2,25,33.4,22.9
2021,2,26,33,24.6
2021,2,27,34.3,24.6
2021,2,28,32.7,24.5
2021,3,1,33,23.5
2021,3,2,35.3,24.3
2021,3,3,32.4,24.7
2021,3,4,31.6,23.3
2021,3,5,33.4,22.5
2021,3,6,33.2,22.8
2021,3,7,32.9,22.5
2021,3,8,33,23.4
2021,3,9,33,22.8
2021,3,10,32.6,23.6
2021,3,11,32.7,23.3
2021,3,12,31.2,24.5
2021,3,13,31.5,24.7
2021,3,14,32.6,24.7
2021,3,15,32.6,24.7
2021,3,16,33.4,24.8
2021,3,17,33.4,25.5
2021,3,18,36.4,24.9
2021,3,19,34.6,24.1
2021,3,20,31.8,24.4
2021,3,21,34.6,24.8
2021,3,22,32.6,24.1
2021,3,23,31.4,23.7
2021,3,24,32.8,23.7
2021,3,25,34.5,23.6
2021,3,26,32.8,25.1
2021,3,27,34.8,24
2021,3,28,35,24.9
2021,3,29,34.9,23.9
2021,3,30,36.7,24.8
2021,3,31,35.2,24.9
2021,4,1,35.7,21.9
2021,4,2,34.6,21.6
2021,4,3,35.5,24.5
2021,4,4,35.4,24.9
2021,4,5,35.3,25.3
2021,4,6,33.8,24.7
2021,4,7,34.5,25.5
2021,4,8,32.8,25
2021,4,9,33.4,25.2
2021,4,10,34.4,23.5
2021,4,11,35.2,23.1
2021,4,12,36,25.2
2021,4,13,35.4,25.1
2021,4,14,35,25.6
2021,4,15,36.1,25
2021,4,16,35.4,25.1
2021,4,17,35.6,25
2021,4,18,36.4,24.6
2021,4,19,34.9,24.6
2021,4,20,34.4,24.7
2021,4,21,33.6,24.9
2021,4,22,34.9,26
2021,4,23,34.5,24
2021,4,24,34.1,23.6
2021,4,25,34.5,23.3
2021,4,26,31.6,24.6
2021,4,27,33.2,23.2
2021,4,28,34.2,24.4
2021,4,29,34.5,25.1
2021,4,30,35.3,25.5
2021,5,1,36.8,25.6
2021,5,2,37.4,24.5
2021,5,3,35.6,25.1
2021,5,4,35.2,26.6
2021,5,5,37,25.6
2021,5,6,35.9,26.1
2021,5,7,35.5,25.2
2021,5,8,36.6,26.4
2021,5,9,38.1,26.5
2021,5,10,35.1,27.4
2021,5,11,35.7,26.2
2021,5,12,36.9,26.3
2021,5,13,37.2,25.6
2021,5,14,36.6,26.1
2021,5,15,35.7,26.8
2021,5,16,36,25.6
2021,5,17,38.2,27.3
2021,5,18,36.1,26.3
2021,5,19,36.2,25.8
2021,5,20,36.9,26.6
2021,5,21,37.7,26.6
2021,5,22,35.5,25.5
2021,5,23,36.3,25
2021,5,24,36.8,25.2
2021,5,25,37.9,26.9
2021,5,26,35.9,25.4
2021,5,27,36.7,28
2021,5,28,35.9,27.4
2021,5,29,37.5,26.4
2021,5,30,33.9,25.9
2021,5,31,36.5,27.1
2021,6,1,38.3,25.6
2021,6,2,32.5,24.5
2021,6,3,33.6,25.4
2021,6,4,34.1,24.9
2021,6,5,34.7,26.2
2021,6,6,33.1,25.6
2021,6,7,34.2,25.2
2021,6,8,32.7,24.6
2021,6,9,32.3,24.3
2021,6,10,32.4,24.8
2021,6,11,29.6,25.3
2021,6,12,31.8,25.6
2021,6,13,33.3,24.5
2021,6,14,32.5,23.8
2021,6,15,35,25
2021,6,16,35.4,26.2
2021,6,17,35.9,24.1
2021,6,18,34,24.9
2021,6,19,34.5,24.4
2021,6,20,34,25
2021,6,21,31.1,24.1
2021,6,22,33.2,23.6
2021,6,23,32.4,23
2021,6,24,32.3,23.9
2021,6,25,32.2,22.8
2021,6,26,31.5,22.8
2021,6,27,34.2,24.8
2021,6,28,34.9,25
2021,6,29,33.8,26.3
2021,6,30,35.3,25.4
2021,7,1,34.8,23.8
2021,7,2,35.4,21.9
2021,7,3,30.9,24.7
2021,7,4,29.8,24.6
2021,7,5,31.9,24.7
2021,7,6,32.9,23.6
2021,7,7,34.4,25.6
2021,7,8,33.8,25.9
2021,7,9,32.3,25.6
2021,7,10,32.2,25.8
2021,7,11,32,26
2021,7,12,33.9,25.2
2021,7,13,33,23.8
2021,7,14,34.2,24.6
2021,7,15,33.3,25
2021,7,16,31.9,25
2021,7,17,32.7,25.9
2021,7,18,32.2,25
2021,7,19,32.8,25
2021,7,20,27.8,23.9
2021,7,21,26.5,23.9
2021,7,22,25.8,23.8
2021,7,23,26.8,24
2021,7,24,27.6,24.4
2021,7,25,28,24.5
2021,7,26,33.5,25.4
2021,7,27,33.5,25.9
2021,7,28,28.5,23.3
2021,7,29,25.7,23.3
2021,7,30,29.5,24.8
2021,7,31,32.3,25
2021,8,1,32.4,24.3
2021,8,2,31.6,25.2
2021,8,3,32.8,25.3
2021,8,4,31,25.5
2021,8,5,30.8,25.1
2021,8,6,32.7,25.9
2021,8,7,32.9,24.9
2021,8,8,31.6,23
2021,8,9,31.9,24.4
2021,8,10,31,23.7
2021,8,11,30.3,23.8
2021,8,12,30.8,25.2
2021,8,13,31.7,23.8
2021,8,14,33.1,24.9
2021,8,15,29.5,24.2
2021,8,16,32.6,24.8
2021,8,17,34.2,26.1
2021,8,18,33.4,22.7
2021,8,19,34.3,24.3
2021,8,20,33.2,23.6
2021,8,21,32.7,23.5
2021,8,22,34.6,24.1
2021,8,23,32.7,24.9
2021,8,24,31.3,24.8
2021,8,25,32.9,24.6
2021,8,26,31,24.9
2021,8,27,31.5,24.9
2021,8,28,34,24.1
2021,8,29,31.8,24.4
2021,8,30,32.3,24
2021,8,31,31.9,24.1
2021,9,1,32.5,23.4
2021,9,2,33.6,23.4
2021,9,3,31.6,23.4
2021,9,4,31.5,24.5
2021,9,5,32.7,24.6
2021,9,6,33,22.6
2021,9,7,33.1,24.1
2021,9,8,25.8,23.6
2021,9,9,32,24.1
2021,9,10,31.6,23.2
2021,9,11,26.8,24
2021,9,12,27.1,23.9
2021,9,13,32.7,24.2
2021,9,14,34.6,24.9
2021,9,15,34,25.3
2021,9,16,33.1,24.1
2021,9,17,33.5,25.6
2021,9,18,33,25.2
2021,9,19,30,23.5
2021,9,20,29.5,24.5
2021,9,21,33.5,25
2021,9,22,33.5,25.4
2021,9,23,34.5,24.3
2021,9,24,34.2,25.1
2021,9,25,34.9,25.5
2021,9,26,35.4,26
2021,9,27,34.9,24.6
2021,9,28,34,24.9
2021,9,29,32.2,24.3
2021,9,30,32.2,23.7
2021,10,1,33,25
2021,10,2,33.6,24.4
2021,10,3,32.5,25.6
2021,10,4,28.8,25
2021,10,5,27.5,23.8
2021,10,6,28.4,25
2021,10,7,28.7,24.5
2021,10,8,30.8,25.2
2021,10,9,33,24.4
2021,10,10,33.6,24.6
2021,10,11,28.4,23.8
2021,10,12,29.4,23.6
2021,10,13,29.6,24.2
2021,10,14,29,24.2
2021,10,15,31,24.4
2021,10,16,31.9,24.3
2021,10,17,33,24.5
2021,10,18,31.7,23.8
2021,10,19,32.4,24.2
2021,10,20,32.6,25.5
2021,10,21,31.7,23.6
2021,10,22,33.6,25
2021,10,23,33,25.1
2021,10,24,29.6,24
2021,10,25,30.8,24
2021,10,26,32,24.2
2021,10,27,33.2,24.4
2021,10,28,30.8,23.5
2021,10,29,33,23.6
2021,10,30,32.2,24.6
2021,10,31,32.9,25
2021,11,1,32.6,25
2021,11,2,31.8,22.6
2021,11,3,33.6,26.1
2021,11,4,33.6,24.8
2021,11,5,32.4,25.2
2021,11,6,34.2,26.2
2021,11,7,34.5,24.7
2021,11,8,31.2,24.7
2021,11,9,33.4,23.8
2021,11,10,30.5,23.8
2021,11,11,33.4,24.3
2021,11,12,32.7,25.6
2021,11,13,33,24.6
2021,11,14,33.5,25.4
2021,11,15,33.4,24.2
2021,11,16,32.6,25.2
2021,11,17,31.7,24.9
2021,11,18,32,24.5
2021,11,19,33.4,23.9
2021,11,20,33.1,25.5
2021,11,21,31.1,23.8
2021,11,22,33.6,24.9
2021,11,23,33.4,24.3
2021,11,24,32,24.6
2021,11,25,31.5,25.5
2021,11,26,29.2,24
2021,11,27,30,24.1
2021,11,28,30,24.2
2021,11,29,33,24.5
2021,11,30,32.4,24.5
2021,12,1,32.6,21.7
2021,12,2,29.9,21.1
2021,12,3,30,21.2
2021,12,4,28.5,21
2021,12,5,29.9,19.9
2021,12,6,30.6,21
2021,12,7,29.2,21.7
2021,12,8,31.1,21.6
2021,12,9,30.9,20.8
2021,12,10,30.6,22.2
2021,12,11,31,23.9
2021,12,12,31.5,23.2
2021,12,13,31.5,21.8
2021,12,14,30.4,21
2021,12,15,30.7,22
2021,12,16,32.6,24.9
2021,12,17,31.8,23.8
2021,12,18,28.6,22.6
2021,12,19,27,23
2021,12,20,30.8,22.9
2021,12,21,32.9,24.2
2021,12,22,32,23.6
2021,12,23,32.4,23.2
2021,12,24,31.2,23.1
2021,12,25,31,23
2021,12,26,30.6,22.6
2021,12,27,27.9,22.3
2021,12,28,28.9,21.3
2021,12,29,30,22
2021,12,30,29.9,20.8
2021,12,31,29.2,22.4
2022,1,1,28.3,20.3
2022,1,2,29.6,21.4
2022,1,3,29.8,20.6
2022,1,4,29.1,21.9
2022,1,5,29.8,22.5
2022,1,6,29,20.7
2022,1,7,30.2,21.1
2022,1,8,31.6,21.7
2022,1,9,30.6,21.8
2022,1,10,30.9,22.6
2022,1,11,30.2,21.6
2022,1,12,30,21.8
2022,1,13,31.7,21.9
2022,1,14,28.6,21.4
2022,1,15,29,20.7
2022,1,16,28.9,19.5
2022,1,17,30.3,20.4
2022,1,18,30.5,22
2022,1,19,30.5,23.7
2022,1,20,30,23.8
2022,1,21,31.9,23.6
2022,1,22,31.8,23.2
2022,1,23,30.6,23.2
2022,1,24,32.4,24.3
2022,1,25,32.8,23.8
2022,1,26,30.2,24.4
2022,1,27,32.5,24.5
2022,1,28,32.6,24.3
2022,1,29,33.3,24.4
2022,1,30,32.3,23.4
2022,1,31,30.8,22.2
2022,2,1,31.2,22.6
2022,2,2,29,23
2022,2,3,31.5,23.2
2022,2,4,33,23.2
2022,2,5,30.2,22.9
2022,2,6,30.1,23.1
2022,2,7,30.6,24.3
2022,2,8,31.7,23.7
2022,2,9,33.9,23
2022,2,10,31.7,23.1
2022,2,11,30.7,21.7
2022,2,12,33,24.2
2022,2,13,31.8,24
2022,2,14,31.3,22.7
2022,2,15,31.9,24.4
2022,2,16,33,23.8
2022,2,17,31.5,23.8
2022,2,18,32.1,22.3
2022,2,19,34.1,23.7
2022,2,20,33.4,24.6
2022,2,21,30.2,24.6
2022,2,22,29.2,23.9
2022,2,23,32,23.2
2022,2,24,33.4,24.5
2022,2,25,30.8,23.8
2022,2,26,32.2,22.6
2022,2,27,32.2,23.3
2022,2,28,32.2,23.1
2022,3,1,33.4,22.5
2022,3,2,34.1,23.9
2022,3,3,33.4,23.6
2022,3,4,34.7,24.8
2022,3,5,35.1,25.1
2022,3,6,34.4,24.7
2022,3,7,35.2,23.7
2022,3,8,33.8,22.6
2022,3,9,32.6,22.3
2022,3,10,33.1,24.8
2022,3,11,33.1,26.4
2022,3,12,36.3,25.2
2022,3,13,34.3,25.7
2022,3,14,34.2,24.8
2022,3,15,34.1,24.4
2022,3,16,35.1,25.2
2022,3,17,35.4,24
2022,3,18,34.7,25.7
2022,3,19,34.7,23.6
2022,3,20,34.7,25
2022,3,21,34.8,25.3
2022,3,22,36.1,26.2
2022,3,23,34.5,26.5
2022,3,24,34.6,25.7
2022,3,25,35.4,25.2
2022,3,26,35.9,26.2
2022,3,27,35.3,25.4
2022,3,28,34.3,26.2
2022,3,29,33.7,25.6
2022,3,30,33.9,25.2
2022,3,31,35,25.7
2022,4,1,35.1,25.1
2022,4,2,34.3,24.2
2022,4,3,34.2,24.7
2022,4,4,33.4,24.5
2022,4,5,29.2,24
2022,4,6,32.4,24.8
2022,4,7,33.1,26.2
2022,4,8,33.3,26
2022,4,9,35.1,24.1
2022,4,10,32.6,25.4
2022,4,11,31.9,25.8
2022,4,12,34.1,25.7
2022,4,13,34.4,24.6
2022,4,14,34.9,25.1
2022,4,15,34.6,22.4
2022,4,16,32.2,23.9
2022,4,17,31,25
2022,4,18,33.6,24.4
2022,4,19,33.6,25.4
2022,4,20,33.7,25.3
2022,4,21,36.5,26.2
2022,4,22,34.8,26.3
2022,4,23,35.5,24.9
2022,4,24,35.8,26.5
2022,4,25,34.3,26.3
2022,4,26,34.5,25.8
2022,4,27,33.3,26.3
2022,4,28,33,25.8
2022,4,29,34.5,26.2
2022,4,30,35.3,26.6
2022,5,1,35.6,26.2
2022,5,2,35.7,25.2
2022,5,3,36.2,24.6
2022,5,4,36,26.7
2022,5,5,36.2,25.8
2022,5,6,37.7,26.1
2022,5,7,36.5,26.7
2022,5,8,36.4,26
2022,5,9,36.9,25.8
2022,5,10,36.3,25.9
2022,5,11,37.6,26.4
2022,5,12,37,26.7
2022,5,13,36,27.4
2022,5,14,34.3,27.2
2022,5,15,33.5,24.5
2022,5,16,33.8,25.3
2022,5,17,31.8,24.6
2022,5,18,32.4,23.7
2022,5,19,32.1,23.9
2022,5,20,31.6,24
2022,5,21,31.8,24.8
2022,5,22,31.1,24.9
2022,5,23,33.6,26.1
2022,5,24,34.2,27.8
2022,5,25,34.6,25.8
2022,5,26,34.3,25
2022,5,27,35.1,25.6
2022,5,28,31.3,25.5
2022,5,29,34.5,25.8
2022,5,30,34.7,26.7
2022,5,31,32.7,27.5
2022,6,1,32.4,24.6
2022,6,2,33.9,26.5
2022,6,3,33.9,26.3
2022,6,4,35.2,26.3
2022,6,5,35.7,26
2022,6,6,34.1,26.3
2022,6,7,34.1,26.6
2022,6,8,34.9,25.9
2022,6,9,36.1,23.8
2022,6,10,35.3,26.9
2022,6,11,36.9,26.6
2022,6,12,35.2,25.5
2022,6,13,35.2,26
2022,6,14,35.2,25.9
2022,6,15,34.3,26.2
2022,6,16,35.4,26.4
2022,6,17,35.8,27.8
2022,6,18,36.6,25.9
2022,6,19,35.7,25
2022,6,20,36.5,23.8
2022,6,21,34.1,24.7
2022,6,22,35,21.9
2022,6,23,33,24.8
2022,6,24,33.8,25.4
2022,6,25,33,25
2022,6,26,32.4,24.5
2022,6,27,32.3,24.8
2022,6,28,30.2,24.2
2022,6,29,29.5,25.2
2022,6,30,29.7,24.1
2022,7,1,29.5,24.2
2022,7,2,30.7,25.5
2022,7,3,32.2,26
2022,7,4,34.8,24.1
2022,7,5,33,24.3
2022,7,6,34.1,25.4
2022,7,7,29.9,25.1
2022,7,8,32,25.5
2022,7,9,32.9,25.9
2022,7,10,33.4,26.8
2022,7,11,34.3,25.1
2022,7,12,30.7,25
2022,7,13,30.6,25
2022,7,14,33.2,25.6
2022,7,15,34.7,26.6
2022,7,16,34.2,23.1
2022,7,17,33.3,23.6
2022,7,18,32.6,25
2022,7,19,33.3,25.9
2022,7,20,33.2,25.2
2022,7,21,30.8,25
2022,7,22,33.1,25.3
2022,7,23,35.3,27.4
2022,7,24,35.8,23.5
2022,7,25,34.6,25.1
2022,7,26,33.5,25
2022,7,27,31.9,24.6
2022,7,28,32.3,25.3
2022,7,29,32.4,25.5
2022,7,30,31.3,25.1
2022,7,31,31.3,24.7
2022,8,1,32,24.7
2022,8,2,32.2,24.2
2022,8,3,33.7,25.1
2022,8,4,33.5,24.7
2022,8,5,30.3,24.4
2022,8,6,29.4,24.8
2022,8,7,29.8,23.2
2022,8,8,26.5,23.7
2022,8,9,30,25.2
2022,8,10,31.8,24.2
2022,8,11,32.4,24.6
2022,8,12,33.6,25.7
2022,8,13,33.5,23.5
2022,8,14,33.6,24.9
2022,8,15,31.8,24.2
2022,8,16,31.5,23.7
2022,8,17,30.4,24.5
2022,8,18,31.1,25
2022,8,19,32,23.7
2022,8,20,33.2,24.4
2022,8,21,32.1,26
2022,8,22,32.6,24.5
2022,8,23,25.7,23.2
2022,8,24,30.8,24.6
2022,8,25,33.3,26.3
2022,8,26,35.2,25.6
2022,8,27,34.2,27
2022,8,28,34,23.2
2022,8,29,33.3,23.8
2022,8,30,33.9,26.3
2022,8,31,32,25.3
2022,9,1,32.3,24.8
2022,9,2,29.2,23.1
2022,9,3,29.5,24.1
2022,9,4,32.3,25.1
2022,9,5,30.7,25.4
2022,9,6,33,26.2
2022,9,7,34.4,26.6
2022,9,8,36.4,23.9
2022,9,9,32.8,25.8
2022,9,10,31.3,24.2
2022,9,11,32.2,25.3
2022,9,12,33.9,23.9
2022,9,13,33.2,24.4
2022,9,14,32.7,24.6
2022,9,15,32.7,25.1
2022,9,16,33.1,23.6
2022,9,17,31.1,24.8
2022,9,18,31.3,24.4
2022,9,19,29.8,23.9
2022,9,20,30.3,24.2
2022,9,21,31.2,23.9
2022,9,22,31.6,25.4
2022,9,23,31.2,24.2
2022,9,24,32.7,25.4
2022,9,25,28.7,23.2
2022,9,26,29.6,23.6
2022,9,27,33.2,25.6
2022,9,28,32.2,25.1
2022,9,29,31.1,25.3
2022,9,30,32,25.6
2022,10,1,33.1,25.1
2022,10,2,32.4,26
2022,10,3,28.9,25.4
2022,10,4,33.5,26
2022,10,5,33.8,26
2022,10,6,33.5,25.6
2022,10,7,32.9,25.6
2022,10,8,34.3,25.5
2022,10,9,35.6,25.8
2022,10,10,34.6,24.8
2022,10,11,34.9,25.3
2022,10,12,33,25.3
2022,10,13,33.8,26.4
2022,10,14,33.8,23.2
2022,10,15,33.8,25
2022,10,16,33.1,24.9
2022,10,17,32.1,25.5
2022,10,18,33.4,24.4
2022,10,19,31.2,23.2
2022,10,20,31,24.6
2022,10,21,32,25.7
2022,10,22,34,26.2
2022,10,23,34,25.6
2022,10,24,34.8,26.6
2022,10,25,29.4,23.8
2022,10,26,33,24.2
2022,10,27,33.5,26
2022,10,28,31.3,25
2022,10,29,28.8,23.4
2022,10,30,26.5,24
2022,10,31,26.7,24.1
2022,11,1,31.6,24.3
2022,11,2,33,25.4
2022,11,3,33.4,24.6
2022,11,4,33.2,24.7
2022,11,5,33.7,24.8
2022,11,6,33,24.7
2022,11,7,34.1,25.8
2022,11,8,31.8,24.7
2022,11,9,32.7,25.5
2022,11,10,34.2,24.6
2022,11,11,31.8,24.8
2022,11,12,33.1,25.1
2022,11,13,32.4,26.2
2022,11,14,33.7,25.7
2022,11,15,33.8,25.3
2022,11,16,33.1,24.5
2022,11,17,32.9,23.5
2022,11,18,32.1,24.8
2022,11,19,31.9,24.6
2022,11,20,31.4,24.3
2022,11,21,29.7,24.3
2022,11,22,31.3,25
2022,11,23,30.6,25.9
2022,11,24,33.1,25.7
2022,11,25,33.1,23.3
2022,11,26,34.1,23.5
2022,11,27,33.3,23.3
2022,11,28,33,25.8
2022,11,29,33.9,25
2022,11,30,34.6,25.3
2022,12,1,33.7,25.3
2022,12,2,32.6,25.1
2022,12,3,32.2,25.1
2022,12,4,32.6,25.2
2022,12,5,33,25.6
2022,12,6,32.8,25.3
2022,12,7,31.8,24.9
2022,12,8,32.8,25.8
2022,12,9,30.4,23.8
2022,12,10,29.9,24.2
2022,12,11,29.5,23.8
2022,12,12,31.6,24.1
2022,12,13,32.6,25.2
2022,12,14,31.8,25.2
2022,12,15,31.1,25.2
2022,12,16,32.5,24.6
2022,12,17,32.9,25.1
2022,12,18,31.8,23.4
2022,12,19,29.4,23.8
2022,12,20,30.3,24.1
2022,12,21,31.9,23.5
2022,12,22,30,22.7
2022,12,23,29.5,22.4
2022,12,24,27.6,21.4
2022,12,25,27.6,21.4
2022,12,26,27.6,21.4
2022,12,27,28.4,21.6
2022,12,28,29.8,23.6
2022,12,29,30.9,23.3
2022,12,30,31.6,23.2
2022,12,31,31.3,25.2
2023,1,1,33.1,24.6
2023,1,2,32.2,23.7
2023,1,3,30.4,23.7
2023,1,4,31.1,23.7
2023,1,5,24.2,22.7
2023,1,6,25.8,22.6
2023,1,7,29.5,21.7
2023,1,8,28.9,21.8
2023,1,9,30.9,22.4
2023,1,10,29.4,22.5
2023,1,11,30.7,22.4
2023,1,12,30.2,22.8
2023,1,13,30.9,22.6
2023,1,14,31.3,24.1
2023,1,15,30.2,23.6
2023,1,16,30.8,23.5
2023,1,17,30.9,24.4
2023,1,18,29.6,22.7
2023,1,19,31.4,23.1
2023,1,20,30.1,23.6
2023,1,21,30,24
2023,1,22,29.7,22.6
2023,1,23,32.6,23.3
2023,1,24,32.6,21.7
2023,1,25,29.3,20.8
2023,1,26,29.9,22.6
2023,1,27,29,23.1
2023,1,28,30,21.2
2023,1,29,29.2,21.3
2023,1,30,30.5,22.6
2023,1,31,30.7,22
2023,2,1,32.1,24.1
2023,2,2,31.9,24.9
2023,2,3,32.1,22.7
2023,2,4,31.1,22.6
2023,2,5,30.7,23.8
2023,2,6,30.5,24.7
2023,2,7,33,24.3
2023,2,8,31.8,22.4
2023,2,9,31.4,22.1
2023,2,10,32.1,22.6
2023,2,11,32.2,23.1
2023,2,12,33.3,21.5
2023,2,13,33.9,22.1
2023,2,14,32.5,22
2023,2,15,32,22.5
2023,2,16,30.1,20.2
2023,2,17,31.6,22.4
2023,2,18,30.7,24.6
2023,2,19,30.7,24.8
2023,2,20,33.2,23
2023,2,21,31.4,22.4
2023,2,22,32.7,23.3
2023,2,23,32.8,23.1
2023,2,24,33.5,24
2023,2,25,33.3,24.1
2023,2,26,31.8,22.3
2023,2,27,30.2,21.1
2023,2,28,30.8,23
2023,3,1,32.4,23.8
2023,3,2,31.2,21
2023,3,3,30.3,21.7
2023,3,4,31.8,21.8
2023,3,5,31,21.8
2023,3,6,31.1,21.6
2023,3,7,32.3,21.6
2023,3,8,32.2,22.8
2023,3,9,33.7,24.2
2023,3,10,30.4,22
2023,3,11,31.9,22.2
2023,3,12,32.9,23.8
2023,3,13,30.4,22
2023,3,14,32.6,22.4
2023,3,15,33.7,22.9
2023,3,16,33.6,23.6
2023,3,17,33.9,23.4
2023,3,18,35.2,24
2023,3,19,33.3,22.4
2023,3,20,34.1,22.7
2023,3,21,35.1,22.7
2023,3,22,35.5,24.1
2023,3,23,35.4,22.8
2023,3,24,34.8,26.3
2023,3,25,35.6,25.2
2023,3,26,36.3,24
2023,3,27,35.6,25.1
2023,3,28,35.7,25.2
2023,3,29,33.3,24.8
2023,3,30,36.6,24.7
2023,3,31,36,25.3
2023,4,1,36.2,25.4
2023,4,2,35.8,21.8
2023,4,3,35.2,25.7
2023,4,4,33.6,24.7
2023,4,5,34,25
2023,4,6,35.4,26.3
2023,4,7,34.9,25.7
2023,4,8,35.1,24.8
2023,4,9,34.9,24.7
2023,4,10,34.4,25.8
2023,4,11,34.7,25.3
2023,4,12,34.1,25.8
2023,4,13,32,23.7
2023,4,14,31.5,26.4
2023,4,15,32.2,26.4
2023,4,16,33.6,25.9
2023,4,17,34.9,26
2023,4,18,35.5,25.8
2023,4,19,35.1,26.8
2023,4,20,36.1,27
2023,4,21,35.6,26.9
2023,4,22,36.2,26.3
2023,4,23,36.6,24.1
2023,4,24,34.1,26.2
2023,4,25,35.8,26.6
2023,4,26,35.5,25.8
2023,4,27,35.2,24.8
2023,4,28,36.3,25.6
2023,4,29,35.2,27.2
2023,4,30,36.9,22.6
2023,5,1,36,26.4
2023,5,2,35.5,25.4
2023,5,3,34.4,26.2
2023,5,4,33.9,25.2
2023,5,5,34.2,26.6
2023,5,6,35.4,27.1
2023,5,7,35.3,27.4
2023,5,8,35.7,25.4
2023,5,9,37.8,26.2
2023,5,10,36.2,25.8
2023,5,11,35.9,26.9
2023,5,12,33.2,25.4
2023,5,13,33.4,27.1
2023,5,14,33,26.5
2023,5,15,35.5,27.2
2023,5,16,32.7,26.4
2023,5,17,33.3,26.4
2023,5,18,34.5,25.8
2023,5,19,34.3,24.6
2023,5,20,32.4,25.2
2023,5,21,35,26.9
2023,5,22,35.2,26.3
2023,5,23,35,25.7
2023,5,24,35.5,25
2023,5,25,36.1,24.8
2023,5,26,35.2,24
2023,5,27,34.6,26.3
2023,5,28,34.9,26.8
2023,5,29,36.3,28.4
2023,5,30,35.1,28.2
2023,5,31,34,27.5
2023,6,1,36.2,27
2023,6,2,33.4,26
2023,6,3,32.6,26.2
2023,6,4,34.3,25.5
2023,6,5,33.7,25.8
2023,6,6,33.6,25.3
2023,6,7,34.2,25
2023,6,8,33.5,26
2023,6,9,34.7,25.9
2023,6,10,32.3,24.4
2023,6,11,27.8,24
2023,6,12,30,24.2
2023,6,13,29.8,24.9
2023,6,14,33.6,26.2
2023,6,15,35.4,25
2023,6,16,32.4,26
2023,6,17,34.6,25.4
2023,6,18,34.6,25.4
2023,6,19,34.2,25.8
2023,6,20,35.2,24.8
2023,6,21,35.2,26.1
2023,6,22,35.1,25.5
2023,6,23,34.8,26.1
2023,6,24,34.5,25.2
2023,6,25,32.9,25.9
2023,6,26,33.1,26.6
2023,6,27,32,26.9
2023,6,28,33,25
2023,6,29,31.8,26.1
2023,6,30,33.5,25.6
2023,7,1,34.6,26.6
2023,7,2,34,24.6
2023,7,3,35.8,27
2023,7,4,35.7,26.3
2023,7,5,36.1,27.4
2023,7,6,35.7,27.3
2023,7,7,35.6,22.5
2023,7,8,35.9,24.6
2023,7,9,35.5,26.1
2023,7,10,35.8,26.8
2023,7,11,36,25.3
2023,7,12,35.1,24.6
2023,7,13,28.3,24.3
2023,7,14,26.8,24.5
2023,7,15,26.7,23.3
2023,7,16,26.8,23.7
2023,7,17,28.1,23.9
2023,7,18,33.6,24.7
2023,7,19,34.3,25
2023,7,20,34.7,25
2023,7,21,33,24.8
2023,7,22,34.6,24.4
2023,7,23,33,24
2023,7,24,31.4,24.6
2023,7,25,32.4,24.7
2023,7,26,29.2,24.1
2023,7,27,26,23.9
2023,7,28,27,23.4
2023,7,29,27.8,24
2023,7,30,30.3,24.3
2023,7,31,27.2,24.6
2023,8,1,30.2,25
2023,8,2,31,25.2
2023,8,3,29.8,25.2
2023,8,4,32.8,25.2
2023,8,5,34,25.3
2023,8,6,33.4,25
2023,8,7,33.2,26.2
2023,8,8,33.6,27
2023,8,9,34.6,25.9
2023,8,10,32.4,25.9
2023,8,11,34,26.1
2023,8,12,33.2,25.7
2023,8,13,34.2,25.9
2023,8,14,32.9,25.6
2023,8,15,34.1,24.9
2023,8,16,33.5,25.3
2023,8,17,33.3,25.3
2023,8,18,32.4,25.1
2023,8,19,33.7,25.6
2023,8,20,34,25.3
2023,8,21,33.6,25.7
2023,8,22,31.6,25.1
2023,8,23,32.7,25.5
2023,8,24,32,24.5
2023,8,25,31.7,25.6
2023,8,26,31.9,25
2023,8,27,32.5,24.8
2023,8,28,33.8,25.4
2023,8,29,33.2,24.8
2023,8,30,30.9,24
2023,8,31,30.2,24.6
2023,9,1,29.7,24.6
2023,9,2,29.2,25.3
2023,9,3,31,24.2
2023,9,4,28.9,24
2023,9,5,30.1,25.1
2023,9,6,30.8,24.7
2023,9,7,33.9,25.7
2023,9,8,33.2,24.3
2023,9,9,33.6,25.2
2023,9,10,33.1,24.5
2023,9,11,33,25
2023,9,12,30.9,25
2023,9,13,31,24.4
2023,9,14,31.8,24.8
2023,9,15,32.4,25.3
2023,9,16,33.1,26
2023,9,17,34.1,24.3
2023,9,18,33.1,25.4
2023,9,19,34,24.6
2023,9,20,34,25.6
2023,9,21,34.2,24.7
2023,9,22,32.4,26
2023,9,23,30.7,25.6
2023,9,24,32.2,26.4
2023,9,25,31.3,24.8
2023,9,26,33,24.8
2023,9,27,32.1,25.6
2023,9,28,33,24.4
2023,9,29,34.8,26.2
2023,9,30,33.3,26.3
2023,10,1,33.4,24.9
2023,10,2,31.5,25.6
2023,10,3,32.6,24.7
2023,10,4,31.9,25.3
2023,10,5,30.4,23.2
2023,10,6,30.6,23.6
2023,10,7,31.4,24.1
2023,10,8,34.5,25.5
2023,10,9,34.2,25.7
2023,10,10,34.2,26.2
2023,10,11,31.8,25.3
2023,10,12,33,25.2
2023,10,13,33.6,25.4
2023,10,14,32.8,24.6
2023,10,15,32.6,25.3
2023,10,16,31.5,24.1
2023,10,17,33.2,24.6
2023,10,18,32.1,25.8
2023,10,19,28,23.4
2023,10,20,33.6,25.2
2023,10,21,28.3,23.5
2023,10,22,31.7,24.3
2023,10,23,27.9,23.6
2023,10,24,33,25.6
2023,10,25,33.2,23.8
2023,10,26,33.6,26
2023,10,27,33,25
2023,10,28,33.4,24.8
2023,10,29,33.4,24.4
2023,10,30,32.6,24.3
2023,10,31,33,25.8
2023,11,1,31.6,24.8
2023,11,2,31,25
2023,11,3,34.6,24.8
2023,11,4,33.9,25.7
2023,11,5,33.1,25.1
2023,11,6,34.8,25.2
2023,11,7,34,26
2023,11,8,31.4,25.6
2023,11,9,33.6,25
2023,11,10,33.6,25.2
2023,11,11,32.4,25
2023,11,12,34.1,24.9
2023,11,13,32.5,25.3
2023,11,14,33.2,25.4
2023,11,15,32,24.6
2023,11,16,33.3,24.6
2023,11,17,32.4,23
2023,11,18,30.9,23
2023,11,19,31.4,22.6
2023,11,20,31.8,23.7
2023,11,21,31.6,22.4
2023,11,22,32.6,24
2023,11,23,32.6,25.8
2023,11,24,32.8,24.4
2023,11,25,32.6,25
2023,11,26,32.9,24.7
2023,11,27,33.3,25.2
2023,11,28,33,25
2023,11,29,32.2,25.4
2023,11,30,33,25.5
2023,12,1,33.3,24
2023,12,2,32,23.6
2023,12,3,30.5,24.5
2023,12,4,32.8,25
2023,12,5,32.7,24.7
2023,12,6,32.6,24.6
2023,12,7,32.4,25.6
2023,12,8,31.2,24
2023,12,9,32.6,24.8
2023,12,10,32.5,23.7
2023,12,11,32.9,24.2
2023,12,12,33.1,24.9
2023,12,13,34.2,24.2
2023,12,14,31.6,24
2023,12,15,31.8,23.2
2023,12,16,31.2,24.2
2023,12,17,31,24.7
2023,12,18,29.4,24.8
2023,12,19,31.2,25.2
2023,12,20,30.8,25
2023,12,21,30.8,24.8
2023,12,22,30.2,23.6
2023,12,23,28.2,23.7
2023,12,24,31.6,23.2
2023,12,25,32,24.5
2023,12,26,30.3,23.8
2023,12,27,31.6,24.5
2023,12,28,33,23.5
2023,12,29,32.5,24.2
2023,12,30,32.3,24.8
2023,12,31,32.7,24.2
